id,pool,kind,source,title,published,field,dense_max,dense_top5,lex_max,nearest_kb,nearest_kb_title,buzz,novelty,near_duplicate,relevance,eligible,genre,shortlisted,llm_novelty,llm_usefulness,llm_note,llm_tags
news:08e54e6344335d47,finance,news,rss:gnews:bank patent,Patented: Solo Brands’ Stove Spark Arrestor and 131 More Inventions Across North Texas - Dallas Innovates,2026-09-30,gnews:bank patent,0.56365216,0.5534002,0.10557072998219645,arxiv:2609.28398,Retrospective on the Design and Implementation of the Milestone-Based Fusion Development Program of the U.S. Department ,0,0.5508681991668196,False,0.39793116,False,news,False,,,,
hn:49917089,finance,post,hackernews,"California bans child marriage, a practice still legal in 32 US states",2026-10-01,bank,0.54432935,0.5325419,0.1802130610615839,arxiv:2609.34100,"Migration Genealogies in Multiregional Stable Populations: First-Return Decompositions, Recurrence, and Sensitivity",0,0.5466997407160493,False,0.3796682,False,news,False,,,,
hn:49643575,finance,post,hackernews,Kagi Translate Is Back,2026-09-10,bank,0.5794809,0.5583408,0.09814333299873358,gh:FxEmbed/FxEmbed,FxEmbed/FxEmbed,0,0.5408535019058036,False,0.36542916,False,news,False,,,,
hn:49686134,finance,post,hackernews,Romania soccer introduces black card to 'combat abusive behaviour' from parents,2026-09-13,payments,0.58164793,0.56499577,0.09598359283708624,news:8a3cd7bc9a2a73f7,‘Siuuu!’: Woman loses €100 in deepfake scam impersonating Ronaldo - eKathimerini.com,0,0.5397681374924801,False,0.4528755,False,news,False,,,,
news:17637df335023771,finance,news,rss:gnews:open banking rule,Commentary: Phil Kerpen: Debanking is a government problem - Jacksonville Journal-Courier,2026-10-01,gnews:open banking rule,0.57457197,0.5691723,0.1253060857133234,s2:9d3091107eb6002e461521127128d473fb8497ce,Lender of Last Resort and Local Economic Outcomes,0,0.5377445032279649,False,0.49799317,False,news,False,,,,
hn:49598009,finance,post,hackernews,"Ask HN: 3.5 inch diskette read errors, would a period correct drive do better?",2026-09-07,payments,0.58719563,0.5815989,0.1007187197430438,arxiv:2609.20350,Unreported large errors from two PAMGuard three-dimensional localizers of whale calls,0,0.5344235939327998,False,0.4420687,False,news,False,,,,
news:0ab8db15bf2a0da7,finance,news,rss:gnews:open banking rule,Sharpen your skills during lockdown with UN e-learning courses | United Nations Western Europe - Unric,2026-09-23,gnews:open banking rule,0.5862576,0.5618166,0.149234021552332,hn:49743049,Launch HN: Skillsync (YC W26) – AI chat sessions made portable across agents,0,0.5229983119050841,False,0.41406405,False,news,False,,,,
news:c75b8d15ed2e6fbb,finance,news,rss:techcrunch_fintech,Charter Space raises $5M to bring insurance to the stars,2026-09-30,techcrunch_fintech,0.58859134,0.5777427,0.1475837274137197,news:81883f69b664afe5,The Five Deals That Made Apollo,0,0.5216605652435855,False,0.49789575,False,news,False,,,,
hn:49608833,finance,post,hackernews,Gen Z is the first generation less cognitively capable than their parents,2026-09-08,payments,0.61939496,0.60895,0.11297715267264612,s2:e96ec8685e33a2c2713bbfe0823de35f27b5b289,The Digital Financial Inclusion Paradox in Personal Financial Management among Gen Z and Millennials in Yogyakarta and S,0,0.5072095082185573,False,0.40957588,False,news,False,,,,
hn:49686233,finance,post,hackernews,Ask HN: How can I browse HN in dark mode?,2026-09-13,payments,0.6033358,0.5990113,0.16278457523255513,arxiv:2609.37742,"Lights, Camera, Attack: Exploiting Temporal HDR Fusion with Pulsed Light",0,0.5068020227529879,False,0.38140035,False,news,False,,,,
hn:49920785,finance,post,hackernews,The first fully implanted cochlear implant reaches patients,2026-10-01,payments,0.6192221,0.6056969,0.13782935655991818,patent:US20260100138A1,METHODS AND SYSTEMS FOR PERSONALIZED ADAPTIVE AUDITORY TRAINING,0,0.5011260973491256,False,0.3797456,False,news,False,,,,
news:88923a47d68a2e33,finance,news,rss:gnews:open banking rule,Chinese banking giant serves firms linked to oligarchs and autocrats to push Beijing’s agenda - International Consortium of Investigative Journalists,2026-09-14,gnews:open banking rule,0.63657916,0.62555647,0.09870374175179475,news:7d46e2caea69d590,Banks Get Boost From Trump Agencies on Core Service Providers - Bloomberg Law News,0,0.4978896976205993,False,0.5477375,True,news,True,3.0,4.0,State bank serving sanctioned-linked firms; correspondent exposure to politically exposed networks,"sanctions,correspondent-risk"
news:f40e777256b8bbe7,finance,news,rss:gnews:open banking rule,Maharashtra Proposes Capacity-Based Banking for Renewable Open Access - Mercomindia.com,2026-09-22,gnews:open banking rule,0.63567233,0.6278862,0.10715957091518664,news:56810a0308c47a2a,Report of the Advisory Committee on Ways and Means Advances to State Governments,0,0.49645585912896095,False,0.5949638,True,news,True,1.0,1.0,Energy 'banking' tariff proposal,off-topic
s2:d8ce8c73e7503262a5a36bcaa2453481a6031f15,finance,paper,semantic_scholar,The Injured and Ill Body in the Qalq-a ǰirum : A Study of Bodily Injury and Illness Provisions in an Eighteenth-Century Khalkha Mongolian Legal Code,2026-08-31,agentic payments,0.6502943,0.63542664,0.08165538648780321,s2:a2066ede54d4c462336071dcea9497859004c385,The Perspective of Wealth on Crypto Assets Based on the Qur’an and Hadith,0,0.491865425457517,False,0.46743897,False,paper,False,,,,
s2:5854b7122f65b5ab0a45685736c64247c9a55c43,finance,paper,semantic_scholar,Recent Middle East & North Africa Court Cases,2026-10-01,real-time payments,0.66119504,0.6492457,0.12471214267282245,s2:a2066ede54d4c462336071dcea9497859004c385,The Perspective of Wealth on Crypto Assets Based on the Qur’an and Hadith,0,0.4729256845199352,False,0.50318885,False,paper,False,,,,
hn:49831690,finance,post,hackernews,Tutoring company tells parents to save their money and 'use AI instead',2026-09-24,payments,0.66843855,0.65173256,0.11564808359088724,patent:US20260245474A1,Remote Educational Learning System,0,0.46975903394236607,False,0.4220154,False,news,False,,,,
news:256b555b6d74c579,finance,news,rss:gnews:deepfake bank scam,Bank of Ireland encourages consumers to protect their savings from investment scams - www.marketscreener.com,2026-10-01,gnews:deepfake bank scam,0.66286725,0.64754117,0.13497587106415312,news:1fbe37dcc3cf1da6,Two banks warn AI shopping bots can be used by scammers - ConsumerAffairs,0,0.4691056110913836,False,0.5979593,True,news,True,2.0,3.0,Investment-scam warnings to savers,scams
news:709aa1ce0949fb2f,finance,news,rss:gnews:UPI fraud,"Mumbai Airport Fraud: 6 Afghan Nationals Arrested Over Allegedly Fraudulent Indian Passports, Fake Identities - Free Press Journal",2026-09-25,gnews:UPI fraud,0.5978754,0.586017,0.3414107650447553,news:3b515a9349729e0c,Rs 1.19 Lakh cyber fraud racket busted in Delhi; four posing as Axis Bank officials arrested - The Hans India,0,0.46624073162852064,False,0.45923486,False,news,False,,,,
gh:TharunKumarReddyPolu/Go-Handbook-for-Software-Engineers,finance,repo,github,TharunKumarReddyPolu/Go-Handbook-for-Software-Engineers,2026-09-10,fintech,0.66470873,0.65838706,0.14124969880954674,gh:FinAuth-SDK/kyc-compliance-handbook,FinAuth-SDK/kyc-compliance-handbook,0,0.4661560251286222,False,0.4765287,False,news,False,,,,
news:15554df44575b1f2,finance,news,rss:gnews:open banking rule,TD Bank Promotions Of 2026: Earn Up To $300 For Opening A New Checking or Savings Account - Forbes,2026-10-01,gnews:open banking rule,0.65578014,0.6265571,0.17877163485140588,news:815aaeb491ce9541,Get $250 cash bonus from major US bank with account promo code and simple deposit rule - The Sun,0,0.46347197394706063,False,0.5376629,True,news,True,1.0,1.0,Account promotion,noise
hn:49921591,finance,post,hackernews,40 years of writing code. I didn't see the end coming,2026-10-01,bank,0.68433094,0.662392,0.11476845677161734,arxiv:2609.31272,Cognitive Skills in the Age of AI: Computing Students and Experts Perceptions,0,0.4580596806221592,False,0.4019191,False,news,False,,,,
news:6755fd16632be0f5,finance,news,rss:gnews:bank patent,Netlist files patent complaint against Micron and tech companies - TradingView,2026-09-30,gnews:bank patent,0.6591402,0.6118095,0.1941688145446163,news:a009b09433b2416e,Teradata Dodges Patent Suit Over Profit Calculation Software - Bloomberg Law News,0,0.45710262444497696,False,0.49068373,False,news,False,,,,
news:30c7fbc2260559e6,finance,news,rss:gnews:open banking rule,Bangladesh Bank allows cross-border trade settlement in Taka - The Daily Star,2026-09-23,gnews:open banking rule,0.634637,0.62588596,0.2756194336120707,news:da6efc88dce47df5,India To Pitch RBI Backed Cross-Border Digital Currencies For BRICS Payments: Report - NDTV,0,0.45511739296455134,False,0.5653262,True,news,True,3.0,3.0,Local-currency cross-border trade settlement,"cross-border,local-currency"
news:17fc7e1601043ee6,finance,news,rss:gnews:bank patent,Patent Office Policy Reversals Focus Of Senate Hearing - Legis1,2026-09-24,gnews:bank patent,0.59819233,0.58656013,0.38828361807318673,news:3b7754d43cf78a65,Ascendis faces financial setback after patent dispute – Yet the CEO sees the outcome as a victory - medwatch.com,0,0.4542848448503709,False,0.4269671,False,news,False,,,,
news:0c7503709986a08d,finance,news,rss:gnews:instant payments fraud,APAC CFOs: Reassessing financial exposure and fraud risks - FutureCFO,2026-09-29,gnews:instant payments fraud,0.6713482,0.65304786,0.17130376371285663,news:ec1774f3ee2f4684,"Banks face rising risks from scams, AI and digital money - CFOtech Asia",0,0.45366286865735717,False,0.5769037,True,news,True,2.0,2.0,CFO fraud exposure survey,fraud
news:9a1f83320fe7bc8b,finance,news,rss:gnews:deepfake bank scam,"Lloyds Bank staff save man from being conned out of £13,500 - after scam involving sending money to names including 'Donald Trump' 'Kim Kardashian' and 'Jennifer Lawrence' - Peterborough Telegraph",2026-09-22,gnews:deepfake bank scam,0.6649003,0.6559431,0.19249654716496054,news:75539a21ebb349ca,US woman falsely charged with bank theft sues for $10m over AI facial recognition | Tennessee - The Guardian,0,0.45320063604353766,False,0.5175657,True,news,True,4.0,5.0,Victim paying payees named after celebrities; staff caught it — payee-name semantics as a scam signal,"celebrity-scam,payee-name,romance-scam"
news:65423eb126b7e870,finance,news,rss:gnews:deepfake bank scam,Bank staff furious at chatbots’ mistakes - The Australian,2026-10-01,gnews:deepfake bank scam,0.6814805,0.67222464,0.14851416622892694,news:4ddc30aaf1e128d4,Banks raise red flags over AI shopping bots and scam risks: What to know - The News International,0,0.45176103344734586,False,0.5084801,False,news,False,,,,
arxiv:2610.01018,crossdomain,paper,arxiv,Lunar Surface Receiver Clock Synchronization Using GNSS and Satellite Nadir Angle,2026-10-01,cat:eess.SP AND submittedDate:[202610010000 TO 202610092359],0.69028944,0.67494303,0.12355975824028173,arxiv:2609.20350,Unreported large errors from two PAMGuard three-dimensional localizers of whale calls,0,0.4513929970129581,False,0.44016376,True,paper,True,5.0,3.0,Clock synchronisation from satellite geometry where ground timing is unavailable,"timing,gnss"
news:a2d253ed875a6b43,finance,news,rss:gnews:bank patent,sterling bank patent - TechCabal,2026-09-29,gnews:bank patent,0.650453,0.63820523,0.24492635612809857,news:4f836afb5f7935eb,UK banks complete first live customer transactions using tokenised sterling deposits | Insights - UK Finance,0,0.45092868237414907,False,0.53044546,True,news,True,1.0,1.0,Bank patent mention,noise
news:1087f10882fca04e,finance,news,rss:gnews:stablecoin bank,Fiserv Digital Asset Platform Goes Live with Financial - GlobeNewswire,2026-10-01,gnews:stablecoin bank,0.6547804,0.6434599,0.23768346619446507,news:05b9ee35884e8095,IBM Connects Digital Asset Platform to Swift's Blockchain Ledger for Tokenized Deposits - BigGo Finance,0,0.4494938425425703,False,0.55417967,True,news,True,3.0,4.0,Core processor launches digital-asset platform for banks,"bank-crypto,core-banking"
news:44f1cf90cc9071ad,finance,news,rss:gnews:open banking rule,EPF advance rules: You can withdraw EPF money for these 5 reasons; check limits - The Economic Times,2026-09-11,gnews:open banking rule,0.62905353,0.61849785,0.3163421686887176,news:beb7c6d78c08789a,"5 rule changes from October 1: SBI ATM charges, MDR on UPI, bulk FD rates, KYC for LPG subsidy and more - The Economic T",0,0.44912432292105176,False,0.47670257,False,news,False,,,,
news:6c09a24e018c4ffd,finance,news,rss:gnews:open banking rule,Banks face an impossible bind in AFCA’s proposed ‘Scam Rules’ - Banking Day,2026-09-27,gnews:open banking rule,0.6581126,0.64973396,0.23166523160266278,news:d08d0e8810a8946f,"FCA statement over 'tightened rules' for Nationwide, Lloyds, Barclays customers - The Mirror",0,0.44849923803973346,False,0.53540444,True,news,True,4.0,6.0,Australia's proposed scam rules leave banks unable to prove 'reasonable steps' — evidence gap,"scam-liability,evidence,australia"
news:142e4b115b7be8ff,finance,news,rss:gnews:open banking rule,History Of Women And Credit Cards: 1970s To Present - Forbes,2026-09-11,gnews:open banking rule,0.62629366,0.6065856,0.32826870135815694,s2:bfba72d02eb691cfeb1be8c806c55573a0c0fc08,Empowering Women through Waste Management: The Gender Impact of Haritha Karma Sena in Kerala,0,0.44821258025280697,False,0.54488283,True,news,True,1.0,1.0,Credit history article,noise
news:4d0282119ed731e5,finance,news,rss:gnews:UPI fraud,"Mumbai Consumer Commission Orders HDFC Bank To Pay ₹92,525 To Fraud Victim, Cites Service Deficiency - Free Press Journal",2026-09-30,gnews:UPI fraud,0.61584365,0.59665745,0.3608991160473664,news:ca65fe431a33cdb0,Mohali man loses ₹98k in UPI fraud - The Times of India,0,0.4478924807289879,False,0.5281429,True,news,True,3.0,4.0,Consumer court makes bank pay fraud victim for service deficiency,"liability,india"
hn:49924943,finance,post,hackernews,"Show HN: Breadcrumb, record everything on your mac + context manager for AI",2026-10-01,bank,0.6981691,0.68884003,0.12794823882025178,gh:slowleelab/lumio,slowleelab/lumio,0,0.44438613594313037,False,0.46710473,False,news,False,,,,
gh:Sentrello/Sentrello,finance,repo,github,Sentrello/Sentrello,2026-09-28,payments,0.69832444,0.66679,0.13188514739410762,patent:US20260268298A1,Unified Business Operations and Management Suite,0,0.44328538171913057,False,0.5401092,True,news,True,1.0,1.0,Business management suite,noise
news:caf7e0d96cd76902,finance,news,rss:finextra,Bridging the Compliance Screening Decision Gap: What’s Next?,2026-09-30,finextra,0.6879143,0.67798907,0.17444523193025874,arxiv:2609.36228,An Empirical Study and Assessment of EU AI Act Compliance Checkers,0,0.44045297300422126,False,0.5177826,True,news,True,4.0,4.0,Compliance-screening decision gap; AI agents assisting screening decisions,"screening,agents"
news:51589e1902904889,finance,news,rss:gnews:open banking rule,New U.S. Banking Rules Just Took Effect - How They Could Affect You - FinanceBuzz,2026-09-29,gnews:open banking rule,0.68615794,0.6676789,0.18083746307008716,fr:2026-11044,Unsafe and Unsound Banking Practices: Brokered Deposits and Interest Rate Restrictions; Correction,0,0.44017217786880025,False,0.5672242,True,news,True,2.0,2.0,Consumer banking rule changes,regulation
s2:f641e7e070285dcce1ca5c96111d70011f46f513,finance,paper,semantic_scholar,Revival of a Loaded Gas-Condensate Well Using Repeated Shut-In and Snap-Open Cycles with Capillary Number Surge Mechanism,2026-09-29,open banking,0.7105828,0.6853886,0.10842527471156914,pubmed:40141909,Low Capillary Elastic Flow Model Optimization Using the Lattice Boltzmann Method and Non-Dominated Sorting Genetic Algor,0,0.4399565718517403,False,0.47944382,False,paper,False,,,,
arxiv:2610.01603,crossdomain,paper,arxiv,U-Sonic: An Open-Source 8-Channel Ultrasound Transmit IP in a 130 nm RISC-V SoC,2026-10-01,cat:eess.SP AND submittedDate:[202610010000 TO 202610092359],0.71856666,0.70972955,0.09281379174092526,arxiv:2609.32848,"Packets, Transactions and Queues: Design Principles for HFT Systems from a Measurement Study of CME Market Data",2,0.4378715599802655,False,0.46756905,True,paper,True,4.0,1.0,Open-source ultrasound transmit IP,hardware
arxiv:2610.01623,crossdomain,paper,arxiv,Open-Source Multi-Wire SPI Readout for Wearable Ultrasound Probes,2026-10-01,cat:eess.SP AND submittedDate:[202610010000 TO 202610092359],0.71376646,0.69660103,0.10979500961085287,arxiv:2609.33408,StarBOA: Real-Time Mamba State-Space Unrolling for Sparse Radar Micro-Doppler in ISAC Networks,2,0.43722643566186203,False,0.47345215,True,paper,True,3.0,1.0,Wearable ultrasound readout bus,hardware
s2:43d2162972320dfcc5d9806d2914e099edb879b3,finance,paper,semantic_scholar,Development of a compensation plan model in the wages system under the conditions of business cycles of a trading company,2026-09-20,financial inclusion digital payments,0.72781724,0.70793235,0.07671064481499551,s2:56f6420e64a7dbe9232592b306e03eb156110b13,ECONOMIC TURBULENCE AND FINANCIAL TECHNOLOGIES: ADAPTATION OF UKRAINIANS TO NEW REALITIES,0,0.43495942566453727,False,0.57531244,True,paper,True,1.0,1.0,Wage plan model,off-topic
news:89bd92eb2008c552,finance,news,rss:gnews:stablecoin bank,Blockchain & Stablecoins are Rebuilding the Payment Stack - The Big Whale,2026-09-30,gnews:stablecoin bank,0.71277,0.7087642,0.12376048832089603,s2:aae81bda948e4e59c4bef25b0ff143a40747873f,Stablecoins Will Become the Future Standard for Payments?,0,0.43448238902054503,False,0.6269176,True,news,True,2.0,2.0,Stablecoins rebuilding payment stack,stablecoins
news:d83e6d9ff23762df,finance,news,rss:gnews:bank patent,"NIT, IISER researchers patent cotarnine-derived oral cancer formulation - Business Standard",2026-10-01,gnews:bank patent,0.64606345,0.6290324,0.32450327554485797,news:9e501d4d7230852e,Godavari Biorefineries jumps on bagging Chinese patent for antiviral compound - Business Standard,0,0.43432659586483835,False,0.43065193,False,news,False,,,,
s2:895f2034fcd7f7b76a07f46a5fd419efb6fcbb2e,finance,paper,semantic_scholar,Data-driven approach in the selection of villages for state-level climate resilience program,2026-09-01,open banking,0.7309218,0.71323854,0.08002758849504435,s2:4f43462d5a71ba42802fc58a1f4551ea96368bf1,WOMEN-LED SELF-HELP GROUPS AND SUSTAINABLE RURAL DEVELOPMENT IN KARNATAKA: A COMPOSITE-INDEX AND SECONDARY-DATA ANALYSIS,0,0.43180173429637436,False,0.5267892,True,paper,True,2.0,2.0,Data-driven village selection for climate programmes,climate
news:9b7317adb57abf91,finance,news,rss:gnews:stablecoin bank,North Dakota's state-owned bank has a dollar-backed coin live for 90+ banks and credit unions. - Stock Titan,2026-10-01,gnews:stablecoin bank,0.65040123,0.64270437,0.32196880709640335,news:0689dfdc8cdf247d,Banks can soon test digital-dollar payments within systems they already use - Stock Titan,1,0.4317068722558216,False,0.5616451,True,news,True,5.0,5.0,State-owned bank's dollar-backed coin live for 90+ community banks,"tokenized-deposits,community-banks"
hn:49826029,finance,post,hackernews,"Ask HN: I just talked to an AI-obsessed client, and I need a shower afterwards",2026-09-24,payments,0.70107377,0.69148225,0.17074004575454718,arxiv:2609.34655,"AI Tools Adoption across the Double Diamond Workflow: Phase, Mode, and Barriers in Designer Practice",0,0.43150963444301604,False,0.48678067,False,news,False,,,,
news:38825d01bb7f5e23,finance,news,rss:gnews:open banking rule,40 million Americans are unnecessarily locked out of open banking - American Banker,2026-10-01,gnews:open banking rule,0.6348276,0.6288322,0.3731798967341224,news:b0ab4f2440d50624,Visa: Over 90% of European banks are already using AI - Business Review,0,0.4305843154435446,False,0.55425113,True,news,True,4.0,5.0,40 million Americans locked out of open banking connections,"open-banking,access-gap"
news:f5a049988fcbb6ed,finance,news,rss:fintech_business_weekly,"Fighting Fraud in the Age of AI, with SEON’s Tamas Kadar",2026-09-30,fintech_business_weekly,0.71344864,0.70733327,0.13913045985780045,news:4ef0a6a966ac0df5,Feedzai Fusion tackles fraud in the agentic AI era with Farol debut - FinTech Futures,0,0.4301308724699371,False,0.58627015,True,news,True,2.0,2.0,Fraud vs friction podcast,fraud
arxiv:2610.02562,crossdomain,paper,arxiv,Santiago's A.T. Field: Visualizing Urban Accessibility through an Evangelion-Inspired Interface,2026-10-01,cat:cs.HC AND submittedDate:[202610010000 TO 202610092359],0.7337838,0.7226044,0.0832144066788215,arxiv:2609.34118,Exploring the Affordances of Generative Image AI for Supporting Early-stage Architect-client Communication,0,0.4288585472827787,False,0.46484652,True,paper,True,3.0,1.0,Sci-fi diagnostic interface for urban data,visualisation
arxiv:2610.01030,crossdomain,paper,arxiv,Correlation Analysis between Terrain Features and eLoran Spatial ASF according to DEM Spatial Resolution,2026-10-01,cat:eess.SP AND submittedDate:[202610010000 TO 202610092359],0.732756,0.7209608,0.08676501495518786,arxiv:2609.36267,A Probabilistic-Cost Algorithm for Large-Scale 2D Phase Unwrapping,0,0.42874176208456727,False,0.4680231,True,paper,True,4.0,4.0,eLoran terrestrial timing/positioning as a GNSS-independent reference; terrain-driven error mapping,"eloran,resilient-timing,gnss-spoofing"
news:a453e9337597025d,finance,news,rss:gnews:UPI fraud,ED Raids 9 Locations In Yavatmal In ₹242 Crore Babaji Date Mahila Sahakari Bank Fraud And Money Laundering - Free Press Journal,2026-10-01,gnews:UPI fraud,0.6293933,0.5973241,0.3969289297866464,news:3b515a9349729e0c,Rs 1.19 Lakh cyber fraud racket busted in Delhi; four posing as Axis Bank officials arrested - The Hans India,0,0.42872282279015483,False,0.49228734,False,news,False,,,,
arxiv:2610.01929,crossdomain,paper,arxiv,Stationarity and angular momentum conservation in pulsar spin noise,2026-10-01,cat:cond-mat.stat-mech AND submittedDate:[202610010000 TO 202610092359],0.73190683,0.7198016,0.09066272006725218,arxiv:2609.36232,Autonomous self-harmonic drift in Langevin dynamics causes a compaction of underlying domain for the density of Stochast,0,0.4284042114359763,False,0.4431734,True,paper,True,4.0,1.0,Pulsar spin noise models,astrophysics
news:30382ee4571e4432,finance,news,rss:gnews:open banking rule,Does becoming a federal bank protect crypto from Washington—or give Washington more control? - CryptoSlate,2026-09-09,gnews:open banking rule,0.6858279,0.67396516,0.22929860023004026,news:c030c590db792a28,"Crypto banking access in the US: master accounts, the chokepoint, and what changed - crypto.news",0,0.42830443166856413,False,0.52080387,True,news,True,2.0,2.0,Crypto firms seeking federal charters,charters
news:9696769c6b5ea8fe,finance,news,rss:gnews:open banking rule,How to Open a Bank Account in Portugal Online (2026) - Portugalist,2026-09-30,gnews:open banking rule,0.65192837,0.63628197,0.3312662380574046,news:315290ebfef5888e,How Many Nominees Can You Add to a Bank Account? The New Nomination Rules Explained (2026) - Siliconindia,0,0.4282371814638898,False,0.5100516,True,news,True,1.0,1.0,Account-opening guide,noise
news:0276288c1cbc0055,finance,news,rss:gnews:bank fraud AI,FBR to Use AI to Detect Tax Fraud and Discrepancies - TechJuice,2026-10-01,gnews:bank fraud AI,0.7246576,0.7182883,0.11722478811326645,patent:CN121032699A,An AI-based method and system for verifying accounting data,0,0.42720059170230473,False,0.5883932,True,news,True,2.0,2.0,Tax authority AI fraud detection,tax
news:132d3e32cac9d284,finance,news,rss:gnews:stablecoin bank,How Erebor Bank’s Sweet Stablecoin Deal Backfired - The Information,2026-09-15,gnews:stablecoin bank,0.675008,0.6652456,0.27043409470280794,news:8d575174d0791035,Stablecoins lose ground - Payments Dive,0,0.4261354920179625,False,0.6086629,True,news,True,3.0,3.0,Bank's stablecoin partnership backfired,stablecoins
s2:9e6d1a7f37b76675952479f55d9faa19fa7252b1,finance,paper,semantic_scholar,Contemporary Patterns of Medicare Part B Spending on Immune Checkpoint Inhibitors (2018-2022).,2026-09-29,agentic payments,0.72607124,0.6903297,0.11746125663950872,s2:6d32a1c737351d0e6c644cb4600bf2593da4bf46,Distribution of industry-sponsored research payments to US physician principal investigators,0,0.42608128675412427,False,0.48185697,False,paper,False,,,,
s2:b133a4c944090d7d7eb16575a8e0a3ab77dbe9ec,finance,paper,semantic_scholar,Contemporary Financial Business in the Era of Artificial Intelligence,2026-09-21,open banking,0.7259583,0.72022617,0.1198332158535757,s2:6834d2a00bb0edfd952f4790cae3ce5178553725,ARTIFICIAL INTELLIGENCE AS A DRIVER OF INNOVATION IN MODERN FINANCIAL SYSTEMS,0,0.42557299515083336,False,0.5410916,True,paper,True,1.0,1.0,Essay on AI in finance,off-topic
s2:d6084e625c4eacc81c19f32e703a047ec7f86139,finance,paper,semantic_scholar,"Quiet Quitting among Generation Z Employees: Examining the Influence of Work Meaning, Perceived Organizational Support and Career Growth Opportunities",2026-09-11,open banking,0.71782297,0.71361995,0.14611511100869382,s2:e96ec8685e33a2c2713bbfe0823de35f27b5b289,The Digital Financial Inclusion Paradox in Personal Financial Management among Gen Z and Millennials in Yogyakarta and S,0,0.4251040104291315,False,0.53820974,True,paper,True,1.0,1.0,Quiet quitting,off-topic
s2:b3cb4f49a2b7350eb4619bd6441908b4ab18d3ef,finance,paper,semantic_scholar,Peran Literasi Pajak sebagai Kapabilitas Strategis Perguruan Tinggi dalam Pemenuhan Persyaratan Administratif Lembaga Sertifikasi Akreditasi XXX: Sebuah Analisis Berbasis Akuntansi Manajemen Strategis,2026-09-04,agentic payments,0.7304218,0.71024436,0.11402861300649259,s2:ea5a0297a2d59de0515d02ac91a6854e91a33650,Legal Analysis of the Use of the Indonesian Standard Quick Response Code (QRIS) Banking Service as a Non-Cash Payment In,0,0.42367651059343914,False,0.53883404,True,paper,True,1.0,1.0,Tax documents for accreditation,off-topic
arxiv:2610.00944,crossdomain,paper,arxiv,Spatial Thickness Mapping in Heterogeneous Plate Using Wave Physics-Informed Regression,2026-10-01,cat:eess.SP AND submittedDate:[202610010000 TO 202610092359],0.73547924,0.7196995,0.09906091128245319,arxiv:2609.37964,A Task-Driven Framework for Multiscale Ocean Flow Dynamics through Integrated Simulation and Visualization,0,0.4236253752448774,False,0.48726395,True,paper,True,5.0,2.0,Physics-informed regression maps hidden thickness/damage from guided waves,structural-monitoring
news:14d31bc24b392e15,finance,news,rss:gnews:bank patent,Why is Liquidia stock plunging? Yutrepia patent case explained - The Economic Times,2026-10-01,gnews:bank patent,0.6524367,0.625405,0.35337632346143494,news:a009b09433b2416e,Teradata Dodges Patent Suit Over Profit Calculation Software - Bloomberg Law News,0,0.42232842880489885,False,0.4858482,False,news,False,,,,
news:c90fe8517afdbfd4,finance,news,rss:gnews:instant payments fraud,CBI’s Fratini Passi on Stopping Fraud Before the Money Moves - The Fintech Times,2026-09-28,gnews:instant payments fraud,0.6827545,0.67042625,0.26338003568270185,news:b58795db09be77f7,Banks may have just a minute to spot and stop frauds - The Financial Express,0,0.42208910362815266,False,0.5920247,True,news,True,3.0,4.0,Stopping fraud before money moves (payee checks),pre-payment-check
news:01f05bbd848db195,finance,news,rss:gnews:deepfake bank scam,Expert breaks down how to catch an AI deepfake - AOL.com,2026-09-29,gnews:deepfake bank scam,0.6864266,0.67690504,0.2571234365974871,s2:cbf584d08ffc306f6520d22b0885bc229e3f3c9b,Deepfake Technology and Online Cyber Crime: A Critical Analysis of AI Tools in Unethical Practices,0,0.42089922078760944,False,0.46014497,False,news,False,,,,
arxiv:2610.01859,crossdomain,paper,arxiv,A local recursive least squares approach for discrete-time adaptive fuzzy control,2026-10-01,cat:eess.SY AND submittedDate:[202610010000 TO 202610092359],0.74362504,0.72561187,0.08707363604626972,arxiv:2609.34379,Derivative-Free Generalized Multivariable Super-Twisting Control for Constrained Euler-Lagrange Systems,0,0.42051283717373533,False,0.39958906,True,paper,True,4.0,2.0,Local recursive least squares for adaptive fuzzy control,control
gh:LucasTramonte/Factored-Hackathon-2026-ArabicaAI,finance,repo,github,LucasTramonte/Factored-Hackathon-2026-ArabicaAI,2026-09-24,banking,0.7157394,0.68340683,0.17196387947503686,gh:felipemagr/hackspain-2026,felipemagr/hackspain-2026,0,0.4202044732846222,False,0.54198503,True,news,True,4.0,4.0,Assistant helps customers identify unrecognised charges before disputing,"unrecognised-charges,friendly-fraud"
news:ae22292071b25376,finance,news,rss:gnews:instant payments fraud,Payments fraud and compliance: B2B challenges in 2026 - Convera,2026-10-01,gnews:instant payments fraud,0.73746634,0.7134234,0.10834800254143886,doi:10.1093/9780198972877.003.0107,Stopping fraud at every step,0,0.4198132478921671,False,0.5789352,True,news,True,2.0,3.0,B2B payments fraud and compliance,b2b-fraud
s2:19f691eda3b0d7957389d22c2f5b4b2dd264db1d,finance,paper,semantic_scholar,Would Keynes endorse the TARGET system?,2026-09-30,real-time payments,0.7215755,0.71038705,0.15728400904905065,s2:00131d5cb3a41813b002c8da6a6e70eceecdc5d4,Stablecoins Meet the Mundell–Fleming Trilemma,0,0.4194973738020379,False,0.5693139,True,paper,True,3.0,2.0,RTGS as Keynesian clearing union,rtgs
news:eecd43b6901fbbbc,finance,news,rss:gnews:open banking rule,"EXCLUSIVE: ""A New Rail Journey"" - Stuart Bailey, Lloyds Banking Group in 'The Fintech Magazine' - FF News",2026-10-01,gnews:open banking rule,0.6400589,0.6305169,0.4024317776092083,news:2eef651cc68585f9,Building the next generation of market infrastructure,0,0.41934789928475547,False,0.5108386,True,news,True,1.0,2.0,Bank rail strategy interview,payments
gh:gulshanverse/TrustID-Smart-Identity-Verification-System,finance,repo,github,gulshanverse/TrustID-Smart-Identity-Verification-System,2026-09-14,fraud-detection,0.70613307,0.69160473,0.2052764089715498,news:5af2a8463caa625a,ProofOfID: Building trust infrastructure for Open Banking and the AI economy - Open Banking Expo,0,0.41908111195236397,False,0.5721698,True,news,True,2.0,2.0,Document verification prototype,kyc
news:81cb723cf75da4e5,finance,news,rss:gnews:UPI fraud,"UPI payments look simple, but these seven things can save you from a costly mistake - Moneycontrol.com",2026-09-27,gnews:UPI fraud,0.6841864,0.67627466,0.2731776794188393,news:1e85773664d92e3a,"Repeated ₹2,000 UPI payments for one purchase? Your bank could flag the pattern: What it means - Business Today",0,0.41856579580920006,False,0.48673153,False,news,False,,,,
hn:49746654,finance,post,hackernews,"Sex, AI, and the Apocalypse",2026-09-17,bank,0.72331905,0.6963334,0.15592960858174748,news:85f2aef43dea8fea,"Christine Lagarde: A new age of capital: growth, sovereignty and AI",0,0.41852830761713633,False,0.38863736,False,news,False,,,,
news:8139886b1d6f7ee2,finance,news,rss:gnews:instant payments fraud,Europe’s Payee Checks Set the Pace as US Plans Take Shape - PYMNTS.com,2026-10-01,gnews:instant payments fraud,0.6754091,0.6368034,0.30007871107312795,news:35f17a3aaf22b581,Europe Has Agent Payment Rails Live Across 30+ Banks. The US Is Still Debating Who Pays When They Break. - Yahoo Finance,0,0.41842351328320115,False,0.49984676,False,news,False,,,,
news:d226d5308b8dfb87,finance,news,rss:gnews:stablecoin bank,"Hyperliquid Policy Center, Circle press EU on perps and stablecoin reserves in MiCA review - The Block",2026-10-01,gnews:stablecoin bank,0.6984385,0.6853939,0.23557982035220784,s2:c677db02c0046b31ffaa3faea55ee67d81b626e6,Comparative Analysis : GENIUS Act (US) vs. MiCA (EU),0,0.4172761808143528,False,0.58314264,True,news,True,3.0,3.0,Stablecoin reserve rules debate in MiCA review,stablecoin-reserves
news:f4d4c43473f18343,finance,news,rss:gnews:stablecoin bank,Stablecoins can drain from banks and nations at lightning speed - TradingView,2026-10-01,gnews:stablecoin bank,0.7238977,0.71472543,0.1594260431123546,news:3f4a5d519e802c62,SoFi Is Bypassing the Banking Bottleneck With Stablecoin Settlement - Yahoo Finance,0,0.417220217565875,False,0.63925475,True,news,False,,,,
arxiv:2610.01602,crossdomain,paper,arxiv,Open-Source Live-Reconfigurable Multi-Mode Wearable Ultrasound,2026-10-01,cat:eess.SP AND submittedDate:[202610010000 TO 202610092359],0.74668276,0.72966653,0.09289710832708196,arxiv:2609.33408,StarBOA: Real-Time Mamba State-Space Unrolling for Sparse Radar Micro-Doppler in ISAC Networks,2,0.41676362079115437,False,0.47102496,True,paper,True,4.0,1.0,Reconfigurable wearable ultrasound,hardware
news:370ef251c340f471,finance,news,rss:gnews:instant payments fraud,Regulatory-Driven Demand for Secure Instant Payments Supports Form3’s Market Position - TipRanks,2026-09-22,gnews:instant payments fraud,0.7159403,0.704436,0.18517621790776573,doi:10.2139/ssrn.6766078,"&lt;p&gt;&lt;span&gt;Fraud Regulation in Digital Payment Systems: Challenges, Frameworks, and Emerging Solutions&lt;/spa",0,0.4167507081344477,False,0.5935791,True,news,False,,,,
news:0ead45a7a14aa712,finance,news,rss:gnews:open banking rule,Kenya Payment Bill Lets CBK Order Data Sharing - Khusoko,2026-09-23,gnews:open banking rule,0.70569676,0.6506956,0.21829061075411163,news:5faec60da31259f6,New payments bill could open Kenya’s banking data to licensed third parties - Techpoint Africa,0,0.4161547910065404,False,0.54657215,True,news,False,,,,
news:bdde3fa7416de5ae,finance,news,rss:gnews:instant payments fraud,Modern fraud syndicates move faster than defences can react - News24,2026-10-01,gnews:instant payments fraud,0.73097056,0.6943992,0.14325482102952702,news:bfe8fc2fa25b3b19,Major Banks Warn AI Shopping Bots Are Moving Faster Than Your Fraud Protections - All About Cookies,0,0.4159583885155065,False,0.5355822,True,news,False,,,,
arxiv:2610.01020,crossdomain,paper,arxiv,Scaling Peer Assessments: An Integrity Report from a Large Engineering Internship,2026-10-01,cat:cs.HC AND submittedDate:[202610010000 TO 202610092359],0.7469801,0.73139346,0.09722416729750552,arxiv:2609.34953,From Early Participation to Later Completion: Evidence from a Large-Scale Self-Paced Learning Programme,0,0.4154589346770885,False,0.482882,True,paper,True,4.0,4.0,Detecting collusion and inflation in large-scale peer assessments,"collusion-detection,peer-rating"
arxiv:2610.02582,crossdomain,paper,arxiv,Acoustic gap placement in second-language read speech production,2026-10-01,cat:eess.SP AND submittedDate:[202610010000 TO 202610092359],0.7457231,0.7352823,0.10601621252874582,pubmed:42640843,Linguistically Informed Automated Estimates of Creak in Adductor Laryngeal Dystonia.,0,0.4142036304310459,False,0.43904838,True,paper,True,,,,
gh:vectorix-cross/CrossYield,finance,repo,github,vectorix-cross/CrossYield,2026-09-13,defi,0.6870656,0.6784935,0.28361335150878236,arxiv:2504.15449,Tracing Cross-chain Transactions between EVM-based Blockchains: An Analysis of Ethereum-Polygon Bridges,0,0.4137974611111467,False,0.48562762,False,news,False,,,,
news:a8d08f6c62213330,finance,news,rss:gnews:deepfake bank scam,55 Percent of Africa’s Cybercrime Now Uses AI. Why Your Money Can Be Stolen and You Can Still Be Blamed - Development Diaries,2026-09-14,gnews:deepfake bank scam,0.73443455,0.7126182,0.14684685661251015,s2:9300acee94470f0cf9498a23b555dfd12804e9f3,Artificial Intelligence-Driven Internal Control Systems and Cybercrime Prevention in Nigerian Deposit Money Banks,0,0.41246239196793566,False,0.5257699,True,news,False,,,,
gh:robinsonmirandaco/factored-hackathon-2026-Robinson-Miranda,finance,repo,github,robinsonmirandaco/factored-hackathon-2026-Robinson-Miranda,2026-09-26,banking,0.7101556,0.70460767,0.22255496302942282,s2:9b68f0d922062d21b68fb1679cf2c6c3a95e5b37,Computational Jurisprudence: Verifiable Law for Machine Societies,0,0.41174452473794454,False,0.5623202,True,news,False,,,,
arxiv:2610.01895,crossdomain,paper,arxiv,Radio Interferometric Calibration with the Exponential Map,2026-10-01,cat:eess.SP AND submittedDate:[202610010000 TO 202610092359],0.7362794,0.7187915,0.14471815203042188,arxiv:2609.10920,Windowed Envelope Statistics for Time-Domain Significant Wave Height Estimation From HF Radar,0,0.4116109058896419,False,0.42685205,True,paper,True,,,,
news:f7410767f6fb62bc,finance,news,rss:gnews:UPI fraud,‘Digital Trap Set For Citizens’: MNS Chief Raj Thackeray Attacks Govt Over 0.4 Per Cent UPI Charges - Free Press Journal,2026-09-20,gnews:UPI fraud,0.6395918,0.6252094,0.43522131268830166,news:f5747e0574421539,Himachal: Frozen screen scam puts UPI users at risk - The Tribune,0,0.411500812012327,False,0.47153804,False,news,False,,,,
gh:astronomiwe/tbc-sdk-python,finance,repo,github,astronomiwe/tbc-sdk-python,2026-10-01,payments,0.69908905,0.6746037,0.2614490764083655,gh:icyberdeveloper/tbank-mcp,icyberdeveloper/tbank-mcp,0,0.410320943178182,False,0.52033746,True,news,False,,,,
gh:AlakhiarovSalekh/BANKING-SYSTEM-CPP-CLI,finance,repo,github,AlakhiarovSalekh/BANKING-SYSTEM-CPP-CLI,2026-08-25,banking,0.7100798,0.69589365,0.2295480095818942,gh:karlis-vagalis/banker,karlis-vagalis/banker,0,0.41005312593094245,False,0.6177837,True,news,False,,,,
gh:Orbit-xyz/Orbit,finance,repo,github,Orbit-xyz/Orbit,2026-09-15,stablecoin,0.7196649,0.692217,0.2009701995318703,gh:Chulilee/InterChangableTrade-Protocol,Chulilee/InterChangableTrade-Protocol,0,0.4100087814463781,False,0.5688921,True,news,False,,,,
arxiv:2610.02374,crossdomain,paper,arxiv,"""I'm trying not to get hacked:"" How Adults with Intellectual and Developmental Disabilities Navigate Security and Privacy Notifications",2026-10-01,cat:cs.HC AND submittedDate:[202610010000 TO 202610092359],0.75872743,0.7471585,0.08384518133189128,s2:30a036ed71f08e616750f5001ed48273e2325f28,Psychological Mechanisms and Mental Health Considerations in AI Education: Addressing Schizophrenia Spectrum Disorders a,0,0.40999316099637284,False,0.56393343,True,paper,True,6.0,7.0,"Security notifications (login alerts, warnings) fail adults with intellectual disabilities; cognitive accessibility of warnings","accessible-warnings,vulnerable-users,security-ux"
arxiv:2610.01790,crossdomain,paper,arxiv,"DSSYK, open ASEP/TASEP and 2d dilaton gravity at strong coupling",2026-10-01,cat:cond-mat.stat-mech AND submittedDate:[202610010000 TO 202610092359],0.7466283,0.69443685,0.12092403125881515,arxiv:2609.36542,Emergent Symmetries in Ensemble Averages,0,0.40979777884453694,False,0.46737412,True,paper,True,4.0,1.0,KPZ growth / dilaton gravity triality,physics
news:de9bbc67ed40eaed,finance,news,rss:gnews:agentic payments,Global Payments Report 2026: Transaction Banks Must Architect for an Agentic Future - Boston Consulting Group,2026-09-23,gnews:agentic payments,0.7371006,0.73087585,0.15379542392322718,news:8491b55b0df05643,Global banks collaborate on principles for trusted agentic commerce - CommBank,0,0.4087256931219764,False,0.5937422,True,news,False,,,,
news:370d4d752224c882,finance,news,rss:gnews:agentic payments,"HM Treasury Consultation on UK Payments Framework Closes Soon, Potentially Impacting Stablecoins and Agentic Commerce - https://www.fintechanddigitalassets.com/",2026-09-30,gnews:agentic payments,0.70394695,0.6878272,0.25350666602813887,news:512eef00da20ecbe,"Binance stablecoin licence bid was about to be rejected by Greece, banks issue warning on EU beneficial ownership overha",0,0.40866315225669814,False,0.61690265,True,news,False,,,,
arxiv:2610.01997,crossdomain,paper,arxiv,The efficacy-competitiveness frontier in the Swiss system,2026-10-01,cat:physics.soc-ph AND submittedDate:[202610010000 TO 202610092359],0.7419102,0.7373797,0.13962302466754342,arxiv:2609.34821,CEO Arena: Evaluating Long-Horizon Multi-Agent Decision-Making in Competitive Markets,0,0.4086615794387355,False,0.53893244,True,paper,True,4.0,2.0,Trade-off between selecting the best and keeping suspense in Swiss tournaments,tournament-design
news:a035f294e4849d2e,finance,news,rss:gnews:agentic payments,Agentic Bank Payments Reach the UK Under FCA Supervision - FinanceX Magazine,2026-09-23,gnews:agentic payments,0.7064257,0.69281167,0.2491690492842269,arxiv:2609.27452,Issuer-Sovereign Agentic Payments,0,0.40788842796748703,False,0.57600313,True,news,False,,,,
gh:romannekrasovaillm/spine-bank,finance,repo,github,romannekrasovaillm/spine-bank,2026-09-14,banking,0.71224964,0.693096,0.23215632821388354,gh:skinnerlee1225/enterprise-prd-toolkit,skinnerlee1225/enterprise-prd-toolkit,0,0.40777372026128744,False,0.534341,True,news,False,,,,
news:fc0e20f6dc4d4590,finance,news,rss:gnews:UPI fraud,Fraud Alert: 1 in 8 Faced Cybercrime. The Bigger Problem Comes after the Scam - Moneylife,2026-09-25,gnews:UPI fraud,0.695213,0.67580616,0.283715029774988,news:28f57d8163df5717,"Bank text scams and AI-driven fraud on the rise, experts warn - KOLO | 8 News Now",0,0.40766149257151174,False,0.57513195,True,news,False,,,,
arxiv:2610.01507,crossdomain,paper,arxiv,Evidence for an Obstruction to Perturbative Renormalization Group in Stochastic Turbulence,2026-10-01,cat:cond-mat.stat-mech AND submittedDate:[202610010000 TO 202610092359],0.7482557,0.7400266,0.1280734534668112,arxiv:2609.37940,Blind directions of linear response and the limits of finite-perturbation bounds on efficiency fluctuations,0,0.40678983937682744,False,0.50045335,True,paper,True,4.0,1.0,Turbulence RG obstruction,physics
gh:XIAOXUsop/aml-compliance-checker,finance,repo,github,XIAOXUsop/aml-compliance-checker,2026-09-10,aml,0.7218893,0.70796025,0.20914175686368924,gh:guiIhermevieira/sentinel,guiIhermevieira/sentinel,0,0.4062975581061602,False,0.5490031,True,news,False,,,,
news:0512ea33831783eb,finance,news,rss:gnews:deepfake bank scam,Facebook Told Clark Howard a Deepfake Ad Stealing His Face Meets Their Standards - 24/7 Wall St.,2026-09-17,gnews:deepfake bank scam,0.6431004,0.638229,0.4515988073624739,s2:8d8875bb4fd7d77b4c4f83a078c4fb98397c1d06,Deepfakes and identity theft in the age of AI,0,0.40477501248624004,False,0.5055854,False,news,False,,,,
arxiv:2610.01031,crossdomain,paper,arxiv,Symmetry and the Form of Nonlinear Behavioral Models: A Tutorial for Microwave Engineers,2026-10-01,cat:eess.SP AND submittedDate:[202610010000 TO 202610092359],0.7680596,0.76432323,0.07903057535455811,arxiv:2608.27436,Low-Dimensional Reduction Theory for Populations of Phase Oscillators with a Gaussian Frequency Distribution,0,0.40419767747331115,False,0.48960733,True,paper,True,,,,
arxiv:2610.01321,crossdomain,paper,arxiv,Control Allocation with Adaptive Augmentation for Aerodynamic Optimization of Trailing Edge Morphing Aircraft,2026-10-01,cat:eess.SY AND submittedDate:[202610010000 TO 202610092359],0.7564938,0.728459,0.11474204145660899,arxiv:2609.36090,Control and Estimation Co-Design via Envelope-Theorem Gradients,0,0.4039441345066058,False,0.52239424,True,paper,True,4.0,2.0,Control allocation with adaptive augmentation,control
arxiv:2610.01021,crossdomain,paper,arxiv,LEO Doppler Matching from Power Spectrum Data with Continuity-Based Segmentation and Multi-Position Clock Offset Estimation,2026-10-01,cat:eess.SP AND submittedDate:[202610010000 TO 202610092359],0.7635304,0.74977887,0.0940386618121028,arxiv:2609.37622,Joint Localization and Data Detection in Ambient Backscatter Communications: Uncertainty-Preserving Inference and Cross-,0,0.4038425245646745,False,0.47583932,True,paper,True,,,,
gh:duongnq2798/vestiarion,finance,repo,github,duongnq2798/vestiarion,2026-09-24,stablecoin,0.71453506,0.69697326,0.2414678913199546,gh:xie8266509/invoice-rail,xie8266509/invoice-rail,0,0.4037317191103189,False,0.57357174,True,news,False,,,,
arxiv:2610.01432,crossdomain,paper,arxiv,Learning ab initio phase-field models,2026-10-01,cat:cond-mat.stat-mech AND submittedDate:[202610010000 TO 202610092359],0.7668493,0.7601112,0.08481157326322773,arxiv:2609.15421,A nonlinear hydrodynamic theory of ultrafast laser self-organization,0,0.40366014713142817,False,0.46085563,True,paper,True,5.0,1.0,Ab initio phase-field learning,materials
arxiv:2610.01797,crossdomain,paper,arxiv,Generalized fluctuation-dissipation theorem and Einstein relation in rotating equilibrium,2026-10-01,cat:cond-mat.stat-mech AND submittedDate:[202610010000 TO 202610092359],0.7561412,0.74776363,0.12307988970237832,arxiv:2609.37149,A quantum thermal machine surpassing the classical thermodynamic limit on precision,0,0.4021241382540319,False,0.45612216,True,paper,True,4.0,1.0,Fluctuation-dissipation in rotation,physics
arxiv:2610.02151,crossdomain,paper,arxiv,Feasibility of Simultaneous Input-Output Constraints for Tracking in a Class of LTI Systems: Part I,2026-10-01,cat:eess.SY AND submittedDate:[202610010000 TO 202610092359],0.7649013,0.7587085,0.10170617019457241,arxiv:2609.36090,Control and Estimation Co-Design via Envelope-Theorem Gradients,0,0.40089746734668164,False,0.4903872,True,paper,True,5.0,4.0,Control-barrier-function governor keeps inputs and outputs inside hard limits with proven feasibility,"hard-constraints,governor,cbf"
gh:Neautrino/fluide,finance,repo,github,Neautrino/fluide,2026-09-25,open-banking,0.703242,0.68303126,0.2871806382756674,gh:marcodonghiaa/myfinances,marcodonghiaa/myfinances,0,0.4007733523939738,False,0.5401696,True,news,False,,,,
news:ff811e73da95b9a0,finance,news,rss:gnews:agentic payments,Fed’s Waller Eyes Agentic AI Commerce - Global Finance Magazine,2026-09-30,gnews:agentic payments,0.734231,0.7163785,0.19433337845937976,news:8ad1396eac0e54c4,"Agentic commerce could significantly reshape payments as adoption scales, but trust remains a key hurdle: Federal Reserv",0,0.4007434090014881,False,0.49610525,False,news,False,,,,
s2:18427361ab06138200973f0fd780218d77c02198,finance,paper,semantic_scholar,From financial fragility to business discontinuation in crop agriculture: evidence from Spanish firm-level data,2026-10-01,explainable credit risk,0.76637506,0.7623633,0.1012988929868557,arxiv:2609.12227,Seasonal Trading in Commodity Futures: Evidence from Regression and Singular Spectrum Signals,0,0.3998939781158959,False,0.601458,True,paper,True,3.0,3.0,Cumulative fragility predicts farm business exit better than one-period weakness,"credit-risk,agri"
arxiv:2610.00866,crossdomain,paper,arxiv,"One Inference, Four Failure Modes: Formal Models of Why Pain Location Fails",2026-10-01,cat:q-bio.NC AND submittedDate:[202610010000 TO 202610092359],0.77517855,0.7661231,0.07878250645073105,arxiv:2608.29998,The Intervention Gap in Latent World Models,0,0.398920429829578,False,0.49447498,True,paper,True,5.0,3.0,One Bayesian object explains several distinct failure modes of a localisation signal,"failure-modes,bayesian"
gh:mshodai/calculo-titularidad-real,finance,repo,github,mshodai/calculo-titularidad-real,2026-09-15,aml,0.6741481,0.6640221,0.38225698399495517,s2:d6a83f74cd0480dcdbc3d1d216fc139ffb06f49a,Legal Dimensions of Global AML Risk Assessment: A Machine Learning Approach,0,0.39882469195139547,False,0.5243907,True,news,False,,,,
arxiv:2610.02296,crossdomain,paper,arxiv,Line-Rate GTP-U Admission Control at the Edge of a Cloud-Native 5G Core: An XDP-Based Design for Kubernetes-Hosted User Plane Functions,2026-10-01,cat:cs.NI AND submittedDate:[202610010000 TO 202610092359],0.7580133,0.75609833,0.13352907524163962,arxiv:2609.26011,Overload-Robust Latency in 5G-TSN: A HoL-Enhanced Hybrid Lyapunov Approach for 3GPP Indoor Factory Environments,0,0.39810773525224263,False,0.5000445,True,paper,True,5.0,5.0,Line-rate admission control at the exposed edge of a 5G core using in-kernel XDP filtering,"line-rate-filtering,edge-admission,xdp"
news:8c572fb51e88bbe7,finance,news,rss:gnews:open banking rule,RBI issues final Basel III market risk capital rules for banks; new minimum requirements to kick in from A - The Economic Times,2026-09-21,gnews:open banking rule,0.7232553,0.7122095,0.2392523842207927,fr:2026-08298,Regulatory Capital Rule: Community Bank Leverage Ratio Framework,0,0.39774541663248497,False,0.6118007,True,news,False,,,,
s2:fe1e76aaa4cdc7e7f7f681093e9af2a0ff5d4e61,finance,paper,semantic_scholar,BEYOND WESTERN FRAMEWORKS: AN IGBO PHILOSOPHICAL APPROACH TO AI ETHICS IN NIGERIA,2026-09-28,credit scoring alternative data,0.76893705,0.74699295,0.10370831098909833,s2:580218624c088e70970fd7a563986ef28f8f4cc3,Proof-of-Human Systems and Conditional Participation: A Scripture-First Analysis of Biometric Governance in the Age of A,0,0.39737014868171106,False,0.566755,True,paper,True,1.0,1.0,AI ethics philosophy,off-topic
gh:luacarol/credit-scoring-observability,finance,repo,github,luacarol/credit-scoring-observability,2026-09-21,credit-scoring,0.7255634,0.7152245,0.2348963269841341,arxiv:2609.16102,A Decision-Support Audit Protocol for Supervision Drift in Proxy-Labeled Credit-Risk Prediction,0,0.3971033928480827,False,0.56458724,True,news,False,,,,
news:4628eb3b64de9114,finance,news,rss:gnews:post-quantum banking,9 Best Quantum Computing Stocks for 2026 and How to Invest - The Motley Fool,2026-09-09,gnews:post-quantum banking,0.72259355,0.70764065,0.24491929802971948,news:06a6f55f08021342,"Quantum Computing Market Size, Share, Growth, 2034 - Fortune Business Insights",0,0.3968250160572979,False,0.4715737,False,news,False,,,,
gh:XIAOXUsop/fsc-examples,finance,repo,github,XIAOXUsop/fsc-examples,2026-09-10,aml,0.74041384,0.71572906,0.1915010808078587,gh:slowleelab/lumio,slowleelab/lumio,0,0.3968143612601325,False,0.52534854,True,news,False,,,,
arxiv:2610.00900,crossdomain,paper,arxiv,Modeling Bipartite Dynamic Networks: An Additive and Multiplicative Effects Model,2026-10-01,cat:cs.SI AND submittedDate:[202610010000 TO 202610092359],0.7827214,0.77133614,0.06844790844289245,arxiv:2609.21614,Multilayer Analysis of the Global Trade Network,0,0.3958470024959053,False,0.5556378,True,paper,True,5.0,4.0,Dynamic model for bipartite interaction networks with additive and multiplicative effects,"bipartite-networks,customer-merchant"
s2:da93cbba3c0888474c9c30cdfadea7b051fb182a,finance,paper,semantic_scholar,Development of an IoT-Based Public Smart Dispenser for Digital Water Services with Cashless Payment and Water Endowment Features,2026-09-30,real-time payments,0.76027334,0.7405757,0.1396204902701118,s2:e7f285794b0233c50140d7392f80512c3db49679,PENGEMBANGAN SISTEM PEMESANAN MAKANAN MENGGUNAKAN RASPBERRY PI BERBASIS INTERNET OF THINGS (IOT) DI LINGKUNGAN KANTIN PN,0,0.3948899042116468,False,0.59972596,True,paper,True,2.0,2.0,IoT water dispenser with cashless payment,iot-payments
news:ed899106f54a0e55,finance,news,rss:gnews:stablecoin bank,"Fiserv Stablecoin Platform Goes Live, With 90-Plus Banks, CUs In First Use Case - CU Today",2026-10-01,gnews:stablecoin bank,0.72769403,0.7100695,0.23997819186353275,news:1b11ead00d1e7a9f,Fed Proposes New Framework For Bank-Issued Stablecoins - CU Today,0,0.3942349261018048,False,0.6546134,True,news,False,,,,
s2:71b3389cdb03eec59184064443f9ac28b4cd304d,finance,paper,semantic_scholar,The Test of Confidence: An Interrupted Time Series Analysis of the Liquidity Effects of the VIBER ISO 20022 Migration,2026-09-29,real-time payments,0.7671246,0.76122427,0.1254895161160394,s2:1f70652e11b5a29d01569ade55b5dd46dcc33cf1,"Digital Payments, Money Demand, and SDGs in Indonesia",0,0.39328419092872335,False,0.6482026,True,paper,True,4.0,4.0,Liquidity effects of an RTGS ISO 20022 migration,"rtgs,iso20022,liquidity"
arxiv:2610.02506,crossdomain,paper,arxiv,Burning Signed Graphs,2026-10-01,cat:cs.GT AND submittedDate:[202610010000 TO 202610092359],0.7722184,0.762968,0.11119785611920213,arxiv:2609.36335,Conversable Quantum Fire in the Standard Model,0,0.393036746221054,False,0.43597415,True,paper,True,6.0,5.0,Two competing contagions on a signed graph where edge sign flips the colour that spreads,"competing-contagion,signed-graph"
arxiv:2610.02446,crossdomain,paper,arxiv,Measuring Diversity and Segregation with Convex Functions,2026-10-01,cat:cs.SI AND submittedDate:[202610010000 TO 202610092359],0.77529067,0.75768006,0.10326387703934276,arxiv:2609.19285,Experienced partisan segregation across patterns of mobility behavior in US cities,0,0.3927160446332918,False,0.5295579,True,paper,True,4.0,3.0,Convex-function family for diversity and segregation measures,inequality-metric
arxiv:2610.02573,crossdomain,paper,arxiv,Control of Markov Jump Linear Systems with Uncertain Lumpable Cluster Observations,2026-10-01,cat:eess.SY AND submittedDate:[202610010000 TO 202610092359],0.76689374,0.76005596,0.1292745295153535,arxiv:2609.36858,"Receding Horizon Control and Dissipativity - Optimal Control, Games and Uncertainty",0,0.3925110890719673,False,0.48278236,True,paper,True,5.0,3.0,Robust control when only the cluster of the true mode is observed,"regime-uncertainty,min-max"
arxiv:2610.01449,crossdomain,paper,arxiv,Fixed-Time Voltage Regulation in Distribution Networks with Impedance Awareness,2026-10-01,cat:eess.SY AND submittedDate:[202610010000 TO 202610092359],0.76703846,0.75640947,0.12970383074975092,arxiv:2609.36510,Expediting AC Contingency Analysis using a Basecase Machine Learning Model,0,0.3922951641005872,False,0.49688348,True,paper,True,4.0,2.0,Fixed-time voltage regulation without impedance knowledge,power-grid
arxiv:2610.01659,crossdomain,paper,arxiv,Optimal sampling strategies in event-chain Monte Carlo,2026-10-01,cat:cond-mat.stat-mech AND submittedDate:[202610010000 TO 202610092359],0.7731399,0.7670206,0.1119301591009836,arxiv:2609.12004,Learning Interaction Kernels from Collective Steady States,0,0.39216255461943794,False,0.47891808,True,paper,True,4.0,1.0,Event-chain Monte Carlo sampling,sampling
news:e3703549cdbc5ddb,finance,news,rss:gnews:tokenized deposits,Citi and DBS Just Settled a Weekend Dollar Payment on Swift's Blockchain - Startup Fortune,2026-09-15,gnews:tokenized deposits,0.6878978,0.6816889,0.370498859343685,news:e16999943ab91fce,IBM Connects Digital Asset Haven to Swift Blockchain Ledger for Tokenized Deposit Transactions: 12 outlets compared - Ne,0,0.3914519043123331,False,0.58497775,True,news,False,,,,
arxiv:2610.02056,crossdomain,paper,arxiv,Local Consistency Does Not Guarantee Global Conservation: Auditing Zero-Shot Composition of Airway Flow Operators,2026-10-01,cat:eess.SY AND submittedDate:[202610010000 TO 202610092359],0.7820736,0.7592099,0.08852480474966994,arxiv:2609.31271,Learning Aerosol Coagulation Dynamics in Latent Space with a Scale-Covariant Neural ODE,0,0.39131355627413034,False,0.45617753,True,paper,True,6.0,6.0,Independently learned local models that are each consistent need not conserve a global quantity when composed; audit for conservation,"conservation-audit,composition,local-vs-global"
arxiv:2610.01862,crossdomain,paper,arxiv,Coherent Release Fronts in Krylov Chains and Thermal AdS$_2$ Response,2026-10-01,cat:cond-mat.stat-mech AND submittedDate:[202610010000 TO 202610092359],0.7698551,0.7464982,0.12859508741571257,arxiv:2609.31867,Spread Complexity for Local Operator Quenches with Conserved Momentum,0,0.3904599017186121,False,0.46244946,True,paper,True,,,,
news:415e577b2fd7e7c0,finance,news,rss:gnews:agentic payments,Giving artificial intelligence the power to pay - OMFIF,2026-10-01,gnews:agentic payments,0.7199203,0.70905054,0.2784856149529884,news:2a25c0e34a67031b,Digital finance for AI-driven economies - Business & Financial Times,0,0.3904383582627905,False,0.49509007,False,news,False,,,,
news:975ec4f2519a9848,finance,news,rss:fed_press,Federal Reserve Board finalizes changes to enhance the transparency and public accountability of its stress test and reduce volatility in its stress test-related capital requirements,2026-09-30,fed_press,0.73357,0.69673973,0.24030961331094663,fr:2026-10099,Agency Information Collection Activities: Announcement of Board Approval Under Delegated Authority and Submission to OMB,0,0.389745141723838,False,0.49882668,False,news,False,,,,
news:06d2ff358bcebb80,finance,news,rss:gnews:stablecoin bank,"Stripe linked Open USD stablecoin goes live with Visa, Mastercard as backers - Ledger Insights",2026-10-01,gnews:stablecoin bank,0.7368797,0.70931226,0.23374892721909865,news:c8e4647c04907578,Visa and Lloyds complete live trials of stablecoin settlement,1,0.3889030182104841,False,0.65185744,True,news,False,,,,
arxiv:2610.01055,crossdomain,paper,arxiv,Landau-like formalism for the thermal-runaway and filamentation instabilities in switching Mott devices,2026-10-01,cat:cond-mat.stat-mech AND submittedDate:[202610010000 TO 202610092359],0.7801801,0.75766236,0.10455993746903551,arxiv:2609.10386,Making the Graph Laplacian Physical: Multiscale Coarse-Graining in Electrical Oscillator Networks,0,0.38872491336070747,False,0.48373717,True,paper,True,,,,
arxiv:2610.02118,crossdomain,paper,arxiv,Decentralized Power-Optimal Coordination for Spacecraft Swarms Using Time-Varying Magnetorquer Actuation,2026-10-01,cat:cs.MA AND submittedDate:[202610010000 TO 202610092359],0.78452384,0.7656368,0.09204489458150815,arxiv:2609.32098,Robust Game-theoretic Motion Planning over Extended Time Horizons,0,0.38859592261774556,False,0.46708283,True,paper,True,4.0,2.0,Decentralised power-optimal swarm coordination,swarm
news:1c97f2be34709390,finance,news,rss:gnews:deepfake bank scam,"Teen deepfake sexual abuse: AI involved in 1 in 4 Cases, study finds - Bitdefender",2026-09-22,gnews:deepfake bank scam,0.74186397,0.72855717,0.22015448488570777,s2:b92eaf5b7605d9c7a987674be28b600b971d68cd,The harm of deepfakes: a scoping review of deepfakes’ negative effects on human mind and behavior,0,0.38856340428745373,False,0.45969078,False,news,False,,,,
news:8a79ed8ba0ae34f5,finance,news,rss:gnews:stablecoin bank,More than 90 North Dakota banks and credit unions can move money with a dollar-backed coin. - Stock Titan,2026-10-01,gnews:stablecoin bank,0.6958779,0.66791713,0.3582096938257168,news:0689dfdc8cdf247d,Banks can soon test digital-dollar payments within systems they already use - Stock Titan,1,0.38853917410063865,False,0.5627648,True,news,False,,,,
arxiv:2609.39109,finance,paper,arxiv,T-Router: Learning Thalamic Routing for Reasoning with Parameter-Efficient Reinforcement Learning,2026-09-30,all:bank AND (cat:cs.LG OR cat:cs.AI OR cat:cs.CR OR cat:cs.CL),0.7772075,0.7747083,0.11488821209023647,arxiv:2609.32917,Planner-as-Router: Joint Plan-Time Model Routing for Cost-Efficient Multi-Agent Workflows,0,0.3883722968385859,False,0.42576537,False,paper,False,,,,
arxiv:2610.01295,crossdomain,paper,arxiv,Petrov-Galerkin operator inference with application to stability-encouraging identification,2026-10-01,cat:eess.SY AND submittedDate:[202610010000 TO 202610092359],0.779521,0.76296854,0.11165682605064813,arxiv:2609.26890,PR-Smoother: Simulator-Preserving Non-Gaussian Smoothing for Data Assimilation,0,0.3874450521390713,False,0.4495262,True,paper,True,,,,
arxiv:2610.02207,crossdomain,paper,arxiv,One Basis to Animate Them All: Gaussian Blendshape Distillation for Real-Time Avatars,2026-10-01,cat:cs.HC AND submittedDate:[202610010000 TO 202610092359],0.7844157,0.7686058,0.09766984564442117,arxiv:2609.38087,CrossBFM: Distilling a Shared Latent Behavior Space Across Humanoid Embodiments,0,0.38727074716891174,False,0.44415742,True,paper,True,5.0,4.0,Real-time animatable avatars from linear blendshapes — cheap live deepfake video,"deepfake-video,avatars"
s2:5898516621360d7ec9d58c0242c2a8630c8ab781,finance,paper,semantic_scholar,A Cooperative Automated Decision-Making Strategy with Fuzzy Contextual Modulation for SME Insolvency Prediction,2026-09-28,explainable credit risk,0.77348226,0.7662066,0.13164466606823938,s2:0072b15105a87d9d8a990e63cb8cdf0d94216de2,Explainable AI in Automated Financial Reconciliation: A Survey-Based Analysis Across Multi-Location Enterprises,0,0.3869771510679316,False,0.5969037,True,paper,True,2.0,2.0,SME insolvency prediction,credit-risk
arxiv:2610.02403,crossdomain,paper,arxiv,Energy Saving in 5G and Beyond Networks: A Quantum Reinforcement Learning Approach,2026-10-01,cat:cs.NI AND submittedDate:[202610010000 TO 202610092359],0.77699846,0.77188313,0.12156633570893634,arxiv:2609.29880,Energy-Aware Two-Sided Learning for Dynamic Matching Games in Mobile Crowdsensing,0,0.386859585754315,False,0.46372303,True,paper,True,4.0,1.0,Quantum RL for base-station energy saving,telecom
gh:priors-agents/priors,finance,repo,github,priors-agents/priors,2026-09-19,stablecoin,0.71487206,0.70818186,0.31025516695028144,gh:neogeeks/tx402,neogeeks/tx402,0,0.38628217650888963,False,0.5630299,True,news,False,,,,
gh:siqiwang0712-commits/financial-risk-agent,finance,repo,github,siqiwang0712-commits/financial-risk-agent,2026-09-04,fintech,0.76869965,0.74541944,0.15070340480077818,gh:muhammadashir0/regledger-ai,muhammadashir0/regledger-ai,0,0.3857994143027351,False,0.5514304,True,news,False,,,,
arxiv:2610.02297,crossdomain,paper,arxiv,From Alert Floods to Precedence Forests: Zero-Prior-Knowledge Incident Triage with LOGOS,2026-10-01,cat:cs.DC AND submittedDate:[202610010000 TO 202610092359],0.7859843,0.7740528,0.09892869377646528,arxiv:2609.36494,"Know the Normal, Track the Attack: Context-Grounded and Stateful LLM Investigation over System Provenance",0,0.38577961826196894,False,0.4954181,True,paper,False,,,,
news:137ccb429cb4113e,finance,news,rss:gnews:agentic payments,AI is consuming human knowledge. It should learn how to pay for it - Fortune,2026-10-01,gnews:agentic payments,0.74405116,0.7160584,0.2248001312451814,news:85f2aef43dea8fea,"Christine Lagarde: A new age of capital: growth, sovereignty and AI",0,0.3857616132687217,False,0.45641106,False,news,False,,,,
arxiv:2610.01632,crossdomain,paper,arxiv,SL-RFSIM: Enabling Scalable Multi-Hop 5G NR Sidelink Mesh Networking in OpenAirInterface,2026-10-01,cat:cs.NI AND submittedDate:[202610010000 TO 202610092359],0.77568924,0.7564683,0.13173903514650215,arxiv:2609.37697,Sequence Models for Layer-3 Protocol Emulation,0,0.38529827820830853,False,0.4793496,True,paper,False,,,,
news:bc9c64141e787018,finance,news,rss:gnews:stablecoin bank,Stablecoin Issuers’ Growing Appetite for Treasury Securities - Federal Reserve Bank of San Francisco,2026-09-28,gnews:stablecoin bank,0.69653136,0.69080675,0.36949092435215064,news:68c1d5c9c394f221,Visa Survey Finds US Stablecoin Interest Jumps to 56% With Bank-Style Safeguards - CryptoPotato,0,0.38522873747504216,False,0.6170583,True,news,False,,,,
arxiv:2610.01647,crossdomain,paper,arxiv,Towards a Cloud Fog Edge System for Smart Building,2026-10-01,cat:cs.DC AND submittedDate:[202610010000 TO 202610092359],0.79059255,0.7787961,0.08733588713442832,arxiv:2609.35167,EdgeCraft: Automated Model Crafting for Edge IoT,0,0.38522164459517705,False,0.48544163,True,paper,False,,,,
arxiv:2610.02023,crossdomain,paper,arxiv,SPHERE: Adaptive VR Indoor Scene Generation via LLM-Enhanced Spatial Preference Learning and Human-in-the-Loop RL,2026-10-01,cat:cs.HC AND submittedDate:[202610010000 TO 202610092359],0.77884805,0.7679509,0.12419919371893572,arxiv:2609.38164,Rho: A Foundation for Efficiently Adaptable VLA Models,0,0.38481419235395753,False,0.43749973,True,paper,False,,,,
arxiv:2610.01237,crossdomain,paper,arxiv,Sparse Experimental Design for Nonsmooth Estimators via Bilevel Optimization,2026-10-01,cat:eess.SP AND submittedDate:[202610010000 TO 202610092359],0.767589,0.7454756,0.15803987971432096,arxiv:2609.36090,Control and Estimation Co-Design via Envelope-Theorem Gradients,0,0.3847983300897303,False,0.50130826,True,paper,False,,,,
news:3f449d43c8d6adba,finance,news,rss:gnews:agentic payments,Early Optimism Reigns on Agentic Commerce + Personal Agents at the Machine Earning AI Summit - Newcomer | Substack,2026-09-30,gnews:agentic payments,0.7300551,0.7209686,0.27143638823555405,news:abb6be17300c6033,"AI Agents Are Becoming Websites' First Visitors, Says Webajans.com, as Payments Giants Develop the Rails for Agentic Com",0,0.3845995826171674,False,0.48945296,False,news,False,,,,
arxiv:2610.02501,crossdomain,paper,arxiv,Quantum transmission in 1D disordered stealthy hyperuniform Kronig--Penney-like models,2026-10-01,cat:cond-mat.stat-mech AND submittedDate:[202610010000 TO 202610092359],0.78017414,0.76521647,0.12350433119654491,arxiv:2609.37523,Asymptotic Pseudospectra in Dissipative Floquet Quantum Systems: Geometric Structures and Observable Dynamics,0,0.383993344881833,False,0.47908598,True,paper,False,,,,
arxiv:2610.01285,crossdomain,paper,arxiv,CSI-Free Positioning of Movable Antennas for IoT Networks: A Compositional Kernelized Bandit,2026-10-01,cat:eess.SP AND submittedDate:[202610010000 TO 202610092359],0.7713835,0.76070035,0.15100342432461883,arxiv:2609.33262,A Majorization-Minimization Framework for Activity Detection in Mixed Near-and-Far-Field Random Access,0,0.3837115009630653,False,0.48110536,True,paper,False,,,,
arxiv:2610.02408,crossdomain,paper,arxiv,UrbanEMF: City-Scale EMF Mapping over a Continuous Urban Area with Real-World Base-Station Deployment,2026-10-01,cat:eess.SP AND submittedDate:[202610010000 TO 202610092359],0.77850753,0.76470506,0.12975767752949036,arxiv:2608.24086,EMRB: A Multi-Level Benchmark for Evaluating LLM Reasoning over Raw Electromagnetic Signals,0,0.3836799176995366,False,0.4509051,True,paper,False,,,,
arxiv:2610.02143,crossdomain,paper,arxiv,RANDAO Manipulation in the Presence of MEV,2026-10-01,cat:cs.GT AND submittedDate:[202610010000 TO 202610092359],0.79035634,0.7813218,0.09623159352697241,arxiv:2609.30509,Too Late to Slash: Coordinating a Risk-Free Equivocation Attack,0,0.38317486300131354,False,0.5555832,True,paper,False,,,,
arxiv:2610.01784,crossdomain,paper,arxiv,ePACT: Energy-Performance-Aware Commitment Tracking for LLM Serving,2026-10-01,cat:cs.DC AND submittedDate:[202610010000 TO 202610092359],0.7687855,0.75459206,0.16098553761459417,arxiv:2609.36052,PowerZooJax: A JAX-based Power System Benchmark for Reinforcement Learning,0,0.3831645080829237,False,0.5127668,True,paper,False,,,,
arxiv:2609.38397,finance,paper,arxiv,SimTrace: Grounded Multimodal User Trajectories Generation for Online User Modeling,2026-09-29,"all:""agentic"" AND (all:payment OR all:commerce OR all:finance)",0.7837988,0.7784855,0.1169577428867057,arxiv:2608.20707,Towards Faithful Simulation of Human Shopping Behavior,0,0.38291142411108725,False,0.5103722,True,paper,True,5.0,4.0,Generate grounded synthetic user trajectories for testing interfaces,"synthetic-users,testing"
arxiv:2609.38914,finance,paper,arxiv,Risk-Aware Adaptive Evaluation: Finding High-Impact Failures Under Limited Budgets,2026-09-30,all:payment AND (cat:cs.CR OR cat:cs.LG OR cat:cs.DC),0.7883821,0.7837497,0.10394757227633979,arxiv:2609.04706,FinalityBench: An Effect-Level Benchmark for Agent Decisions Under Delayed and Conflicting Financial Finality,0,0.38272650729483715,False,0.5582227,True,paper,True,6.0,7.0,Agent evaluation that spends trials on rare high-impact irreversible actions (e.g. payments) rather than uniformly,"agent-evaluation,irreversible-actions,risk-weighted-testing"
news:bc6e1a42475ba40d,finance,news,rss:gnews:UPI fraud,"India Post Scam Alert: Fake Address Update Links Can Steal Bank Details, UPI PIN, Police Warns - LatestLY",2026-10-01,gnews:UPI fraud,0.7397418,0.714173,0.2505935036728535,news:455dd23b63c9e68b,Keralam Police warn of fake hospital apps stealing OTPs and UPI money - India Today,0,0.3825452724201045,False,0.53185475,True,news,False,,,,
s2:1fc702965d228d9ee953192c042f47fdfae2a770,finance,paper,semantic_scholar,Order Notification Innovation: Development of a Telegram Chatbot Integration System to Enhance Online Store Efficiency,2026-09-30,real-time payments,0.7632264,0.7590384,0.1824613617784647,s2:33416e7c70a89e0e2c374a5c37fa0009672e7b2e,From Trial to Commercial Value: A Customer-Value Architecture for AI-Enabled Retail and Service Technologies,0,0.3819648969439947,False,0.56039345,True,paper,True,1.0,1.0,Chatbot order notifications,off-topic
arxiv:2610.02192,crossdomain,paper,arxiv,Hyperbolic lattices with mass disorder: Phases and phase transitions,2026-10-01,cat:cond-mat.stat-mech AND submittedDate:[202610010000 TO 202610092359],0.7694295,0.7607145,0.1648241146478362,arxiv:2609.37174,Accurate ground-state entropies from population Monte Carlo: The antiferromagnetic Ising model on the Shastry-Sutherland,1,0.3817218277833534,False,0.46902367,True,paper,False,,,,
arxiv:2610.01749,crossdomain,paper,arxiv,Designing for Interpretation Uncertainty: Architecture and Principles for Topological Learning Analytics Dashboards,2026-10-01,cat:cs.HC AND submittedDate:[202610010000 TO 202610092359],0.78090996,0.75786823,0.13204453764747373,arxiv:2609.35170,The Future of Visualization Dashboards in the Age of Generative AI,0,0.38130641386312547,False,0.47824124,True,paper,False,,,,
s2:55f16eebf249b57bae71ad37fd95a164fd6691b3,finance,paper,semantic_scholar,Towards fairer public transit: Real-time tensor fusion of video and audio for fare evasion and fraud detection,2026-09-02,real-time payments,0.7879494,0.7847477,0.1110873818132331,s2:2cec6cf8a646ec3fe80deb3ec37bb53218e0570a,A Multi-Layered Framework for Robust Real-Time Fraud Detection Against Deepfake Attacks in Digital Banking,1,0.3812661022014159,False,0.6235003,True,paper,True,3.0,3.0,Video+audio fusion for fare evasion,sensor-fusion
news:e4b34ca83bcec2d1,finance,news,rss:gnews:deepfake bank scam,Fake AI Endorsements: How to Spot Deepfake Scams in 2026 - Cybernews,2026-10-01,gnews:deepfake bank scam,0.73952436,0.7275218,0.2576697695831754,s2:0cd6c46818d29b22f536f4315600871d179f6ff1,Deepfake Technology and Cybercrime: Identity Manipulation in the AI Era,0,0.3809392842506295,False,0.5164502,True,news,False,,,,
arxiv:2610.00901,crossdomain,paper,arxiv,Convergence of stationary distributions for a class of zero-range processes and its application to a wealth distribution model with debt,2026-10-01,cat:physics.soc-ph AND submittedDate:[202610010000 TO 202610092359],0.79207474,0.7818366,0.10031629620417007,arxiv:2609.27107,Local Weak Limits for Equilibrium and Risk in Economic Networks,0,0.3808648560980359,False,0.60809594,True,paper,False,,,,
arxiv:2610.01174,crossdomain,paper,arxiv,WIP: DBWorkout: A Gamified SQL Practice Platform to Support Formative Learning in Database Courses,2026-10-01,cat:cs.HC AND submittedDate:[202610010000 TO 202610092359],0.76956713,0.76340497,0.16842204824813028,arxiv:2609.37641,Rhythm Is a Dancer: Designing Interactive Rhythm Feedback for Beginner Dancers,0,0.3807191091385289,False,0.516665,True,paper,False,,,,
arxiv:2610.01534,crossdomain,paper,arxiv,Gate Control Improves Routing Efficiency for Periodic Traffic,2026-10-01,cat:cond-mat.stat-mech AND submittedDate:[202610010000 TO 202610092359],0.7945566,0.76985765,0.09404493303668629,arxiv:2608.29174,Sustained Heterogeneity: an emergent collective mechanism in LLM-driven traffic,0,0.3805713034382161,False,0.505903,True,paper,False,,,,
arxiv:2610.01445,crossdomain,paper,arxiv,ibUMAP: Coherent and Scalable Field Evaluation for UMAP Optimization,2026-10-01,cat:cs.HC AND submittedDate:[202610010000 TO 202610092359],0.8016931,0.79953337,0.07380080365798934,arxiv:2609.35639,GPUPhysBench: Benchmarking Coding Agents for Correct and Efficient GPU Physics Simulation,0,0.38027995789134983,False,0.5358414,True,paper,False,,,,
arxiv:2610.02055,crossdomain,paper,arxiv,A Dynamic Generalized Kalman Consensus Filter for Switching Sensor Networks,2026-10-01,cat:eess.SY AND submittedDate:[202610010000 TO 202610092359],0.7826011,0.7510926,0.13172594565049567,arxiv:2609.36790,TDOA-Based Online Target Tracking with Simultaneous Sensor Pairing and Relocation,0,0.3801176750215497,False,0.4351451,True,paper,False,,,,
arxiv:2610.00986,crossdomain,paper,arxiv,"Community-Centers Identify Robust Biomarker in High-Dimensional, Low-Sample-Size Gene Expression Data",2026-10-01,cat:physics.soc-ph AND submittedDate:[202610010000 TO 202610092359],0.79283696,0.77961063,0.10146061344255526,arxiv:2608.22982,Uncovering Cellular Resolution in scRNAseq via Unbiased Cell and Gene Network Analysis,0,0.38000710864039877,False,0.47868758,True,paper,False,,,,
arxiv:2609.39261,finance,paper,arxiv,Jacobian Rank Collapse in Decision-Focused Learning,2026-09-30,cat:q-fin.*,0.7928004,0.78960955,0.1016082488725173,arxiv:2609.15825,Sharp Regret Bounds and a Task-Covariance Correction for Spectral Representation Learning,0,0.3799976179195049,False,0.54979086,True,paper,True,3.0,1.0,Decision-focused learning Jacobian rank,ml-theory
news:9b4eee0ff0bc4f1d,finance,news,rss:gnews:open banking rule,The 9-11 attacks marked a sea change in bank regulation - American Banker,2026-09-10,gnews:open banking rule,0.6720068,0.65723264,0.46508089166041244,fr:2026-11044,Unsafe and Unsound Banking Practices: Brokered Deposits and Interest Rate Restrictions; Correction,0,0.37972470258385926,False,0.63923806,True,news,False,,,,
news:5e42cc05e37b7501,finance,news,rss:gnews:stablecoin bank,"New stablecoin Open USD goes live as Coinbase, Mastercard, Stripe and Visa commit $1 billion to liquidity - CoinDesk",2026-09-30,gnews:stablecoin bank,0.74145144,0.7353422,0.25747914525165166,s2:ac5ce2585d2b3c52aa063cde7a4523256f605734,Stablecoins and (Non)Crypto Shocks: A 2026 Update,1,0.37954164690699677,False,0.6807748,True,news,False,,,,
news:d8ab29fd5c01ab0f,finance,news,rss:gnews:agentic payments,Agentic AI—The Killer Use Case for Blockchain and Crypto - Top1000funds.com,2026-10-01,gnews:agentic payments,0.7547856,0.7386817,0.21806939773174144,news:bc37f0d1b8cff475,Beyond the AI trade: why agentic AI and blockchain could reshape your portfolio - Funds Europe,0,0.3793934376726249,False,0.51224965,True,news,False,,,,
news:2b790cccb9c4c968,finance,news,rss:gnews:UPI fraud,Mumbai Cyber Fraud: 74-Year-Old Pune Retired Official Duped Of ₹1.28 Crore In ‘Digital Arrest’ Scam; FIR - Free Press Journal,2026-09-23,gnews:UPI fraud,0.7027554,0.6647583,0.37470558147488703,news:1f22325a22c02855,Retd official duped of ₹2.36cr in deepfake-backed ‘digital arrest’ racket; mastermind held - The Times of India,0,0.3792570758341286,False,0.48650482,False,news,False,,,,
arxiv:2610.01305,crossdomain,paper,arxiv,Beyond the Clique: Comparing Clique and Dowker Complexes for Co-occurrence Data in Learning Analytics,2026-10-01,cat:cs.SI AND submittedDate:[202610010000 TO 202610092359],0.8025394,0.7878162,0.07659996414501626,arxiv:2609.26031,Beyond expressiveness in pairwise and higher-order models,0,0.37894543790738,False,0.49282196,True,paper,False,,,,
s2:200a0a2c9a8ae515d0b932e15423ce65fca0f259,finance,paper,semantic_scholar,"Evaluating the Performance of Road Construction Contracts: A Case Study of the Roads Authority, Namibia",2026-09-30,agentic payments,0.789615,0.77603066,0.11556798665603624,s2:4af6d589389a8c9211e8e9c9834ba3f2a7632578,The relationship between construction scheduling and cash flow in the construction of infrastructure projects,0,0.3788967568455124,False,0.5301982,True,paper,True,1.0,1.0,Road contracts,off-topic
arxiv:2610.01379,crossdomain,paper,arxiv,Blockchain Lifecycle Prediction - Dead Coins,2026-10-01,cat:cs.DC AND submittedDate:[202610010000 TO 202610092359],0.79890746,0.7924668,0.08895183573955097,arxiv:2609.04917,"Artificial Intelligence in Equity and Crypto Markets: Progress, Profitability Evidence, and the Limits of Automated Inve",0,0.3785814618796264,False,0.6076074,True,paper,False,,,,
pubmed:42715803,crossdomain,paper,pubmed,Multi-network comparison of between-farm contacts for infectious disease surveillance in swine production.,2026-09,epidemic contact tracing network intervention,0.78997093,0.76418334,0.11622663041828316,pubmed:42406882,Temporal Connectivity of Social Contact Networks in Urban and Rural India.,0,0.37846512670100174,False,0.49523702,True,paper,False,,,,
arxiv:2610.02498,crossdomain,paper,arxiv,Real-time Optimization of Simulation and Data Processing Pipelines for Experiments on Exascale Computing Platforms,2026-10-01,cat:cs.DC AND submittedDate:[202610010000 TO 202610092359],0.77723336,0.7694294,0.15529280574012783,arxiv:2609.33224,PackServe: SLO-Aware Request Scheduling for Agentic LLM Serving at Scale,0,0.3782517769165611,False,0.47888136,True,paper,False,,,,
news:dae75b014536ea92,finance,news,rss:gnews:stablecoin bank,"Stablecoins Could Harm Monetary Policy Transmission, SNB Says - Bloomberg.com",2026-09-30,gnews:stablecoin bank,0.7370966,0.7243172,0.27575852564381476,news:95d2ab65a74e217f,Fed Stablecoin Proposal Leaves Significant Financial Stability Risks Unaddressed - Better Markets,1,0.37823789792406826,False,0.65105915,True,news,False,,,,
arxiv:2610.01261,crossdomain,paper,arxiv,Doppler-Only Extended Target Tracking in a Distributed Antenna System,2026-10-01,cat:eess.SP AND submittedDate:[202610010000 TO 202610092359],0.7783155,0.7630455,0.15371286778023213,arxiv:2609.37327,Koopman-Predictive Coefficient Tracking for Vehicle-Mounted Monostatic ISAC,0,0.37783518456327325,False,0.48127288,True,paper,False,,,,
arxiv:2610.02121,crossdomain,paper,arxiv,Catscan: Visualizing Pipelines of CPU Performance Simulation,2026-10-01,cat:cs.HC AND submittedDate:[202610010000 TO 202610092359],0.7949318,0.77885216,0.10439358454348432,arxiv:2608.25124,FABRICA: Agentic CUDA-to-CSL Translation and Optimization for Wafer-Scale Systems,0,0.377702747033532,False,0.49438134,True,paper,False,,,,
arxiv:2610.01904,crossdomain,paper,arxiv,On the Impact of Coordinate Descent for Multi-Angle QAOA in the Independent Set Graph Problem,2026-10-01,cat:eess.SP AND submittedDate:[202610010000 TO 202610092359],0.7909327,0.7820337,0.11972408833052359,arxiv:2609.36999,Towards Scalable Quantum Unit Commitment in Power Systems: Encoding and Complexity Reduction Techniques,0,0.37686942681186986,False,0.5023552,True,paper,False,,,,
s2:b2a1424785d4ef1da4909538918d13f3c343357e,finance,paper,semantic_scholar,An IoT-Based Smart Juice Vending Machine with Glucose-Aware Sugar Customization for Diabetic Patients,2026-09-01,real-time payments,0.78994066,0.729272,0.12351864060903901,s2:e7f285794b0233c50140d7392f80512c3db49679,PENGEMBANGAN SISTEM PEMESANAN MAKANAN MENGGUNAKAN RASPBERRY PI BERBASIS INTERNET OF THINGS (IOT) DI LINGKUNGAN KANTIN PN,0,0.3766648335229722,False,0.51845676,True,paper,True,1.0,1.0,Juice vending,off-topic
arxiv:2610.02045,crossdomain,paper,arxiv,Form and Void: Entangled Composition through an Autonomous AI Agent,2026-10-01,cat:cs.MA AND submittedDate:[202610010000 TO 202610092359],0.7982336,0.7716926,0.09880441168660774,arxiv:2609.34195,PainterBench: A Figural Divergent-Thinking Benchmark for Tool-Using Language Models,0,0.37662364607126797,False,0.443532,True,paper,False,,,,
s2:7c3f2eba7fbb606a8beb2be6ed722b445ae7b98b,finance,paper,semantic_scholar,Travel Planner Web Application: Design and Implementation of a Mern Stack-Based Integrated Platform for Personalized Trip Planning and Management,2026-10-01,real-time payments,0.7707273,0.7412572,0.18193805038050442,patent:US12749028B2,Systems and methods for providing an artificial intelligence-based planning assistant,0,0.3764700000010043,False,0.5403651,True,paper,True,1.0,1.0,Travel planner,off-topic
gh:mrnetwork0001/Meritor,finance,repo,github,mrnetwork0001/Meritor,2026-09-04,credit-scoring,0.75482196,0.73837984,0.229661422262629,arxiv:2609.01836,Agent Memory Is a Surface for Endogenous Authorization Laundering,0,0.3764681922172407,False,0.5242323,True,news,False,,,,
arxiv:2610.01885,crossdomain,paper,arxiv,A two-stage approach to satellite constellation optimization: classical and QUBO formulations,2026-10-01,cat:eess.SY AND submittedDate:[202610010000 TO 202610092359],0.7767216,0.77062786,0.16562849907681268,arxiv:2609.36763,SCORAS-MoE: Joint Compression and Resource-Adaptive Deployment of MoE-VLMs in LEO Satellite Networks,0,0.3760516478900986,False,0.5109363,True,paper,False,,,,
arxiv:2610.00957,crossdomain,paper,arxiv,Analytical derivation of a three-dimensional fundamental diagram for a real-valued max-plus particle system,2026-10-01,cat:physics.soc-ph AND submittedDate:[202610010000 TO 202610092359],0.7937906,0.75661314,0.11500161052466526,arxiv:2609.33541,An Analytical Framework for a Multi-Particle Oja Flow,0,0.37590666323721134,False,0.46451667,True,paper,False,,,,
arxiv:2610.01817,crossdomain,paper,arxiv,NIR-EKF: Normalized Innovation Ratio-Based EKF for Robust State Estimation,2026-10-01,cat:eess.SP AND submittedDate:[202610010000 TO 202610092359],0.77856755,0.7541717,0.16246697545509428,arxiv:2609.38048,A QCQP-Representable IMU Pre-Integration Factor for Certifiable State Estimation,0,0.3754575917113302,False,0.50134265,True,paper,False,,,,
arxiv:2610.02577,crossdomain,paper,arxiv,Cross-Site Transfer and Spatial Forgetting in OTA-Trained Neural Receivers,2026-10-01,cat:eess.SP AND submittedDate:[202610010000 TO 202610092359],0.7983552,0.77839506,0.10355409567816526,arxiv:2609.34399,CoRF: Cross-Scene RF Synthesis by Learning Propagation and Preserving Array Physics,0,0.37534502996687225,False,0.48118532,True,paper,False,,,,
arxiv:2609.38811,finance,paper,arxiv,DCM-SAM: Defect-Conditioned Mixture of LoRA Experts for NPU-Deployed AM Defect Segmentation,2026-09-30,all:bank AND (cat:cs.LG OR cat:cs.AI OR cat:cs.CR OR cat:cs.CL),0.79330933,0.75576323,0.11923701979123918,arxiv:2608.22082,When More References Hurt: Contamination-Aware DINOv2 Memory Banks for Few-Shot Steel Defect Detection,0,0.37520871704468284,False,0.46798047,False,paper,False,,,,
arxiv:2610.01894,crossdomain,paper,arxiv,A foundation for systematic analysis of transformers and RNNs for tractography,2026-10-01,cat:q-bio.NC AND submittedDate:[202610010000 TO 202610092359],0.79854286,0.78228647,0.10379778093254749,arxiv:2609.37642,Flattening the Connectome Spectrum: A Spectral Filter for FC Induces a Pretraining Target for fMRI Encoders,0,0.37514344169160674,False,0.43924686,True,paper,False,,,,
arxiv:2609.39569,finance,paper,arxiv,Spouse-Protected Tontines: Household Decumulation via Neural-Network Optimization,2026-09-30,cat:q-fin.*,0.79057795,0.7807284,0.12799506080504577,s2:509319663d92536044f53f85699a4f4757665a46,A multi-agent equilibrium model in an incomplete market with discrete dividends: Applications to long-term discount curv,0,0.37506775882751664,False,0.6029109,True,paper,True,5.0,4.0,Tontine where first death changes household state without pool transfer,"tontine,decumulation"
news:a283e76b5c8d513c,finance,news,rss:gnews:bank fraud AI,How deepfake fraud is testing banks’ defences - The Banker,2026-10-01,gnews:bank fraud AI,0.74119246,0.72235286,0.2767835813145743,news:c1d63068c536375a,AI Deepfake Fraud Raises Liability Stakes for Banks and Business - Bloomberg Law News,0,0.3749097298239443,False,0.6589801,True,news,False,,,,
arxiv:2610.00974,crossdomain,paper,arxiv,Physics-Guided Bayesian Optimization for High-Dimensional Mixed-Variable MIMO Base Station Design,2026-10-01,cat:cs.NI AND submittedDate:[202610010000 TO 202610092359],0.7921249,0.78055376,0.12507256501164796,arxiv:2609.33305,A Low-Dimensional Riemannian Alternating Optimization Algorithm for BD-RIS-Assisted Multiuser Beamforming,0,0.3746381783653131,False,0.5131754,True,paper,False,,,,
arxiv:2610.01822,crossdomain,paper,arxiv,Differentiable Hybrid-Action Neural Feedback Control for District Heating Networks,2026-10-01,cat:eess.SY AND submittedDate:[202610010000 TO 202610092359],0.78625345,0.7763523,0.14348363090710725,arxiv:2609.35141,Two-Timescale Reinforcement Learning for Real-Time Optimization and Economic NMPC: Experimental Validation,0,0.37443900304745414,False,0.45523003,True,paper,False,,,,
arxiv:2610.01730,crossdomain,paper,arxiv,The role of root allometry and root overlap in vegetation pattern formation,2026-10-01,cat:nlin.AO AND submittedDate:[202610010000 TO 202610092359],0.78438914,0.77974737,0.1502211745812809,arxiv:2606.19762,Oscillations and Spatial Patterns in Large-Scale Stochastic Gene Regulatory Networks,0,0.3741528228860519,False,0.489199,True,paper,False,,,,
arxiv:2610.01518,crossdomain,paper,arxiv,Who Thinks First? Designing Productive Friction with Engage-to-Unlock GenAI,2026-10-01,cat:cs.HC AND submittedDate:[202610010000 TO 202610092359],0.7905812,0.7823006,0.1326226275866561,arxiv:2609.38029,Critical Thinking with Generative AI: A Constraint-First Design Pilot of a Thinking-Partner Intervention,0,0.3739084233416783,False,0.5346986,True,paper,False,,,,
arxiv:2610.02384,crossdomain,paper,arxiv,"Connectedness, Cognitive Load, and Human-AI Oversight in Cyber Operations",2026-10-01,cat:cs.HC AND submittedDate:[202610010000 TO 202610092359],0.7927244,0.7856325,0.12634939174056248,arxiv:2609.14592,AI Deployment Accountability Engineering: A Vision for Accountable AI in Safety-Critical Socio-Technical Systems,0,0.3738693738475437,False,0.5036792,True,paper,False,,,,
s2:5f356e130b6e215ab466f7ed058b77e19f9036c0,finance,paper,semantic_scholar,Deterministic Navigation of Algorithmic Stablecoin Devaluations: An H-infinity Robust Control Framework over the Tc Liquidity Manifold,2026-09-10,stablecoin,0.8087129,0.80145204,0.08076109316398901,s2:a85d96b7f8e7e24a51bb766b5ed9ced889866321,Systemic Runs and the Dimension of Financial Fragility,1,0.3732750668464845,False,0.6265062,True,paper,True,4.0,4.0,H-infinity robust control of stablecoin devaluation under stress,"stablecoin,robust-control"
arxiv:2610.01090,crossdomain,paper,arxiv,Effects of on-site Gaussian disorder in the ferromagnetic Blume Capel model,2026-10-01,cat:cond-mat.stat-mech AND submittedDate:[202610010000 TO 202610092359],0.7903225,0.7827691,0.13657870084888749,arxiv:2609.37174,Accurate ground-state entropies from population Monte Carlo: The antiferromagnetic Ising model on the Shastry-Sutherland,1,0.3731134777495091,False,0.52785254,True,paper,False,,,,
news:a6464821a3f31eb4,finance,news,rss:gnews:stablecoin bank,"50,000 Europeans Push Brussels to Allow Stablecoin Rewards - Yahoo Finance",2026-10-01,gnews:stablecoin bank,0.74803126,0.7171978,0.264092321306921,news:64697618ae56d1d5,European Central Banks Call For Ban On Stablecoin Yield - Yahoo Finance,0,0.37295344593364577,False,0.61295533,True,news,False,,,,
news:291efffcdc02c3b5,finance,news,rss:gnews:bank fraud AI,Banks Say You Authorized It: The AI Scam That Costs Victims Everything - Yahoo Finance,2026-09-30,gnews:bank fraud AI,0.73915267,0.7341485,0.2909242996654567,news:4ddc30aaf1e128d4,Banks raise red flags over AI shopping bots and scam risks: What to know - The News International,3,0.37290442265367363,False,0.5498538,True,news,False,,,,
s2:851c9804c29dbf1d0ae6076517a0507bbbbf6576,finance,paper,semantic_scholar,"China’s Multi-Objective Monetary Policy Framework: Institutional Coordination, Credit Allocation, and Open-Economy Mechanisms",2026-10-01,open banking,0.7886629,0.7745271,0.14266261122410628,s2:1f7c3eefb5a1aaa9d16a95eb9df974db306d8cb1,Central bank digital currencies and state capitalism in China: The decentralisation and recentralisation dynamics of the,0,0.37283716434790404,False,0.627629,True,paper,True,2.0,1.0,Monetary policy framework,macro
arxiv:2609.38512,finance,paper,arxiv,"VAmoS Part Deux: Harder, More Realistic Voice-Agent Simulation",2026-09-29,"all:""agentic"" AND (all:payment OR all:commerce OR all:finance)",0.7913403,0.780784,0.134658413483193,arxiv:2609.11137,The Machines Are Calling: Measuring Automated and Synthetic Voices in Unwanted Inbound Calls,0,0.3728301929052943,False,0.5229437,True,paper,True,5.0,5.0,Benchmark of voice agents doing billing and payments with impatient multi-request callers,"voice-agents,payments,benchmark"
arxiv:2610.02369,crossdomain,paper,arxiv,"Automating the Application of HCI Principles: Skills for On-Demand UI Construction, the Human-AI Space to Think, and the Future of HCI",2026-10-01,cat:cs.HC AND submittedDate:[202610010000 TO 202610092359],0.805895,0.7950515,0.09344411924112722,arxiv:2609.35170,The Future of Visualization Dashboards in the Age of Generative AI,0,0.37221771221700095,False,0.4497197,True,paper,False,,,,
arxiv:2610.02309,crossdomain,paper,arxiv,Entanglement Requires Fluctuations at Conformal Interfaces,2026-10-01,cat:cond-mat.stat-mech AND submittedDate:[202610010000 TO 202610092359],0.7791546,0.76787424,0.17484245591460396,arxiv:2609.31867,Spread Complexity for Local Operator Quenches with Conserved Momentum,0,0.371923422085497,False,0.42103213,True,paper,False,,,,
arxiv:2610.00951,finance,paper,arxiv,Negative Oil & Nickel Squeeze: A Feedback Model for Extreme Commodity Futures Prices,2026-10-01,cat:q-fin.*,0.79014164,0.77877396,0.14218483274349267,arxiv:2609.27138,Surface-Driven Stochastic Volatility for Commodity Options: Identification of Stochastic Vol-of-Vol and Leverage from Sm,0,0.3718475453427218,False,0.58296543,True,paper,True,4.0,3.0,Feedback model of negative prices and squeezes,market-microstructure
arxiv:2610.02187,crossdomain,paper,arxiv,"Minimal Experiments for Robust Stabilization: Information, Spectral Geometry, and Duration",2026-10-01,cat:eess.SY AND submittedDate:[202610010000 TO 202610092359],0.81243205,0.8028205,0.07763900451249531,arxiv:2609.37683,Active Informativity: Online Input Design for Data-Driven Control,0,0.37126621084315914,False,0.46778312,True,paper,False,,,,
arxiv:2610.01451,crossdomain,paper,arxiv,A Multi-Agent LLM Framework for Personalized Health Checkup Interpretation and Guidance,2026-10-01,cat:cs.MA AND submittedDate:[202610010000 TO 202610092359],0.79403365,0.78383064,0.13361827868188048,arxiv:2605.30907,BlueFin: Benchmarking LLM Agents on Financial Spreadsheets,0,0.37107016558953965,False,0.496797,True,paper,False,,,,
news:8f5d46b70f2e56e9,finance,news,rss:gnews:UPI fraud,Dhanilimda Cyber Fraud: Two Residents Lose ₹1.65 Lakh in Se… - GujaratSamachar English,2026-09-30,gnews:UPI fraud,0.6932478,0.67692316,0.4365287795696631,news:380e26cf6ca298f6,Woman loses Rs 1.13 lakh in UPI fraud - The Times of India,0,0.3709319587788489,False,0.4996995,False,news,False,,,,
arxiv:2609.39484,finance,paper,arxiv,CAMOS: Coupled Oscillatory State-Space Model for Multimodal Clinical Time-Series,2026-09-30,all:bank AND (cat:cs.LG OR cat:cs.AI OR cat:cs.CR OR cat:cs.CL),0.8109809,0.79673487,0.08423315280597053,arxiv:2609.34965,Cyclostationary Phase Conditioning for Medical Time Series Diffusion,0,0.37070599497874424,False,0.46481907,False,paper,False,,,,
news:0ec322ccdfaf8eef,finance,news,rss:gnews:deepfake bank scam,AI Is Being Used to Both Commit and Catch Payment Fraud - Techgenyz,2026-10-01,gnews:deepfake bank scam,0.7750542,0.76084805,0.19285394607547815,news:38140b95c109c088,AI raises the stakes in banks’ fight against payment fraud - The Banker,0,0.37049585119246464,False,0.6232591,True,news,False,,,,
arxiv:2610.01344,crossdomain,paper,arxiv,Reachability-Informed Reinforcement Learning for Multi-Impulse Interplanetary Transfers,2026-10-01,cat:eess.SY AND submittedDate:[202610010000 TO 202610092359],0.8065268,0.79388916,0.09863163343657058,arxiv:2609.32098,Robust Game-theoretic Motion Planning over Extended Time Horizons,0,0.37044697674217575,False,0.46844044,True,paper,False,,,,
arxiv:2610.02170,crossdomain,paper,arxiv,"Watch, Infer, Coordinate: Inferring Robot Partner Constraints for Zero-Shot Coordination",2026-10-01,cat:cs.MA AND submittedDate:[202610010000 TO 202610092359],0.79926044,0.7918165,0.12116380483364224,arxiv:2609.37734,"Recompositional Robotics: Cross-Domain, Open-set, and Lifelong Modularity Beyond Morphology",0,0.37026370577401135,False,0.42672908,True,paper,False,,,,
arxiv:2610.00929,finance,paper,arxiv,Platonic Task Arithmetic,2026-10-01,all:bank AND (cat:cs.LG OR cat:cs.AI OR cat:cs.CR OR cat:cs.CL),0.8036645,0.77907515,0.10819846054747316,arxiv:2609.10947,The Platonic brain bridge hypothesis: human brain networks as an architectural prior for multimodal large language model,0,0.3702019908506805,False,0.4403847,False,paper,False,,,,
arxiv:2610.01680,crossdomain,paper,arxiv,Token Economy Design for Fair and Efficient Highway Congestion Management with Express Lanes,2026-10-01,cat:cs.GT AND submittedDate:[202610010000 TO 202610092359],0.8000584,0.7788446,0.12031622379095275,arxiv:2609.36424,Agent-Based Evolutionary Dynamics for Mixed Autonomy Weaving Ramps,0,0.369877110796494,False,0.5253078,True,paper,False,,,,
s2:ee58f686827270c90585942181f52dc4c035d055,finance,paper,semantic_scholar,Dynamic Pricing of Credit Derivatives under Market Uncertainty: A Default-Risk Adjustment Model,2026-09-29,explainable credit risk,0.8018322,0.7784541,0.11608255694187015,arxiv:2608.16842,When ratios fall: A dynamic approach to contingent convertibles,0,0.36960521144202274,False,0.64053637,True,paper,True,2.0,1.0,CDS pricing adjustment,derivatives
gh:shawnhvac/solvscore-mcp,finance,repo,github,shawnhvac/solvscore-mcp,2026-08-25,credit-scoring,0.70801795,0.69989264,0.3989726796574879,gh:nhatvu148/x402-mcp-proxy,nhatvu148/x402-mcp-proxy,0,0.3692433413160968,False,0.46424112,False,news,False,,,,
arxiv:2610.03803,crossdomain,paper,arxiv,"Designing Adaptive Affective Chatbots for Online Learning: Trade-offs Between User Control, Automation, and Transparency",2026-10-01,cat:cs.HC AND submittedDate:[202610010000 TO 202610092359],0.80035204,0.7940073,0.12206701990041276,arxiv:2609.37369,Shaping Opinion: Quantifying the Psychological Impact of Autonomous Multi-Agent LLM Interactions,0,0.3692192322113287,False,0.49632242,True,paper,False,,,,
gh:Mahezama/InformalWorker_UPI_Scoring,finance,repo,github,Mahezama/InformalWorker_UPI_Scoring,2026-09-30,credit-scoring,0.7583451,0.75347996,0.2488305686683218,s2:7bcd0f598cadf82e0dcc80d386369c5b087060d4,Artificial Intelligence Enhanced Credit Scoring for MSMEs: A Policy Framework for Financial Sustainability in Emerging E,0,0.3690335125036349,False,0.6078433,True,news,False,,,,
arxiv:2610.02424,crossdomain,paper,arxiv,Towards a Theory of Quantitative Vulnerability Analysis for Engineering Systems,2026-10-01,cat:eess.SY AND submittedDate:[202610010000 TO 202610092359],0.8129323,0.80126923,0.08542751161589504,arxiv:2608.23906,Quantifying System-Level Harms from AI Adoption in Complex Sociotechnical Systems,0,0.3689438728284481,False,0.5640322,True,paper,False,,,,
arxiv:2610.02106,finance,paper,arxiv,Densities for scalar-valued BSDEs via unique continuation and backward uniqueness,2026-10-01,cat:q-fin.*,0.78389585,0.7794516,0.172953282348127,arxiv:2609.37881,Global Structure and Local Specifications in Sublinear Valuation,0,0.368839821579106,False,0.5127007,True,paper,True,3.0,1.0,BSDE densities,math-finance
arxiv:2610.01692,crossdomain,paper,arxiv,Artifact Annotations Partially Substitute for Per-User Calibration: SAFE-EDA and a Normalization-Controlled Evaluation of Wrist-EDA Affect Recognition,2026-10-01,cat:eess.SP AND submittedDate:[202610010000 TO 202610092359],0.7917915,0.76076996,0.1502634534268513,arxiv:2609.34801,Separating personal from population gains when calibrating EEG foundation models for new users,0,0.368590497746345,False,0.47817194,True,paper,False,,,,
arxiv:2610.00971,crossdomain,paper,arxiv,The Other Half of Workflow Portability: Evidence-Backed HPC Site Profiles with Agentic Discovery,2026-10-01,cat:cs.DC AND submittedDate:[202610010000 TO 202610092359],0.7994528,0.78422654,0.12737055519662505,arxiv:2609.34432,"Semantics, Workflows, and Infrastructure: Understanding Agent Serving at Production Scale",0,0.36856777494290915,False,0.52353644,True,paper,False,,,,
arxiv:2610.01631,crossdomain,paper,arxiv,Joint Geometric and QoS-Aware Routing in Optical LEO Satellite Networks via DRL,2026-10-01,cat:eess.SP AND submittedDate:[202610010000 TO 202610092359],0.8023549,0.7748254,0.11875963187862451,arxiv:2609.36566,On the Lack of Periodicity of Walker Satellite Constellation Routing Tables,0,0.3685439229591464,False,0.45968002,True,paper,False,,,,
arxiv:2610.02466,crossdomain,paper,arxiv,SD-DPC: Sparse Dictionary Differentiable Predictive Control,2026-10-01,cat:eess.SY AND submittedDate:[202610010000 TO 202610092359],0.8098641,0.7927882,0.09668582928409411,arxiv:2609.36712,Information-theoretic receding-horizon active learning of nonlinear dynamical systems,0,0.36843044993224183,False,0.4647043,True,paper,False,,,,
arxiv:2609.39264,finance,paper,arxiv,Exchange Rate Determination for Cryptocurrency Mergers: A Formal Framework,2026-09-30,cat:q-fin.*,0.8065279,0.7877666,0.10687027179910819,s2:b7edffa9669d02faa7f31c1efe34df479e366107,Stablecoins and Fragility in Fixed Exchange Rate Regimes,0,0.3683864826865144,False,0.61961776,True,paper,True,4.0,2.0,Fair exchange rate for merging two cryptocurrencies,crypto
news:1fe33d4b74a2482c,finance,news,rss:gnews:agentic payments,How Card Issuers and Banks Can Avoid Being Shut Out of Agentic Commerce - Bain,2026-09-10,gnews:agentic payments,0.74438334,0.7149315,0.293374505722336,news:8b93673a00675521,Agentic Commerce Isn’t an AI Problem for Banks. It’s an Authorization Problem - The Financial Brand,0,0.36836887223427195,False,0.61112404,True,news,False,,,,
arxiv:2610.01820,crossdomain,paper,arxiv,Finite-Data Safety Informativity Under Dynamic Asymmetric Actuation,2026-10-01,cat:eess.SY AND submittedDate:[202610010000 TO 202610092359],0.80585766,0.78773713,0.11062037912827306,arxiv:2609.37126,Adversarially Robust Geometric Safety Certificates for Nonholonomic Robots Against Maneuvering Obstacles,0,0.36795166142825886,False,0.4604598,True,paper,False,,,,
arxiv:2610.02353,finance,paper,arxiv,Does Every User Need a Private LoRA? Decoupling Personalization from Per-User Adaptation,2026-10-01,all:bank AND (cat:cs.LG OR cat:cs.AI OR cat:cs.CR OR cat:cs.CL),0.7996834,0.78898984,0.1293370643749554,arxiv:2609.36986,CF-LoRA: Decoupled Factor Aggregation and Adaptation-Aware Client Clustering for Federated LoRA Fine-Tuning,0,0.36790317496918834,False,0.51756626,True,paper,True,4.0,3.0,Shared vs per-user adaptation capacity for personalised LLMs,personalisation
news:b6263e06a07d6f31,finance,news,rss:gnews:open banking rule,How to Build Open Banking So Consumers Actually Win - The Financial Brand,2026-10-01,gnews:open banking rule,0.724635,0.6928614,0.3552119145729381,s2:426df585a1f947e20ebbda269b8e57c3f89b7d1e,Evolution of Open Banking and Its Transition Toward Open Finance: A PRISMA-Centric Systematic Literature Review,0,0.3677207974111478,False,0.6584219,True,news,False,,,,
arxiv:2610.01443,crossdomain,paper,arxiv,GridSMR: Causal Compression for Sharded Blockchains,2026-10-01,cat:cs.DC AND submittedDate:[202610010000 TO 202610092359],0.7898773,0.77098215,0.15996838870675872,patent:US20260303381A1,A SYSTEM FOR PARTIALLY SYNCHRONOUS SCALABLE BLOCKCHAINS,0,0.367599961005073,False,0.5731708,True,paper,False,,,,
s2:4c4a3857738a98ccdc8a7f6367f0a15b4e3ce19b,finance,paper,semantic_scholar,Loan App Safety Check: An OSINT Based Explainable Risk Assessment Framework for Identifying Predatory Digital Lending Applications in India,2026-09-29,explainable credit risk,0.80456346,0.7985216,0.11744287865198796,doi:10.21070/acopen.11.2026.14649,A Risk-Based Model for Evaluating the Oversight of Personal Data in Fintech Lending,0,0.36721669818749736,False,0.6775267,True,paper,True,5.0,6.0,"OSINT-based explainable risk check for predatory digital lending apps (permissions, policies)","predatory-loan-apps,india,app-risk"
s2:b2ce73bf3a9918e45d7c3f807d806715baf4b03e,finance,paper,semantic_scholar,Actively Responding to the Expansion of the U.S. Dollar Stablecoin: Seizing the Strategic High Ground of Digital Finance,2026-09-27,central bank digital currency,0.7959571,0.7836457,0.14327086521771468,s2:63f8c59721e821d21478bba3cb28f8ed09cfa496,Exercising Geopolitical Influence Through the Financial System,0,0.3672144673427271,False,0.7034929,True,paper,True,2.0,2.0,Stablecoin geopolitics,stablecoins
arxiv:2610.01364,crossdomain,paper,arxiv,LLM-Driven Multi-Agent Control for Skill-Based Smart Manufacturing,2026-10-01,cat:cs.MA AND submittedDate:[202610010000 TO 202610092359],0.8126413,0.8032168,0.09395923646138359,arxiv:2609.32226,Toward Agentic Optical Networks: A Vision of LLM Agent-Driven Autonomous Lifecycle Management,0,0.36702921382624343,False,0.46138802,True,paper,False,,,,
news:a20d8a2aff7713b2,finance,news,rss:gnews:tokenized deposits,Banks’ Blockchain Bet Comes Down to Moving the Money - PYMNTS.com,2026-10-01,gnews:tokenized deposits,0.7102177,0.6877123,0.40198713490717597,news:f0597af7ff144932,"Basel crypto stats: banks shift away from Bitcoin as Ether, stablecoins gain ground - ledgerinsights.com",0,0.36683993054093667,False,0.5696208,True,news,False,,,,
arxiv:2610.01587,crossdomain,paper,arxiv,Exploiting the Interplay of Compute- and Memory-Bound kernels in MPI Applications,2026-10-01,cat:cs.DC AND submittedDate:[202610010000 TO 202610092359],0.814501,0.79690146,0.0895385923240847,arxiv:2609.34340,VarioPath: Workload-Aware All-to-All Communication for PCIe GPU Clusters,1,0.3667396261728241,False,0.45384234,True,paper,False,,,,
arxiv:2610.02175,crossdomain,paper,arxiv,Effective Resistance and Graph Neural Network Reliability in Tissue-Specific Interactomes,2026-10-01,cat:q-bio.MN AND submittedDate:[202610010000 TO 202610092359],0.8141694,0.80338365,0.09126805151463963,arxiv:2608.28990,Agentic AI uncovers conserved cross-tissue protein co-abundance programs inaccessible to single-dataset analysis,0,0.36655593195318825,False,0.48153424,True,paper,False,,,,
arxiv:2610.00656,finance,paper,arxiv,Lingtai: What Concept Geometry Reveals--and Does Not Reveal--About LLM Inference,2026-09-30,all:bank AND (cat:cs.LG OR cat:cs.AI OR cat:cs.CR OR cat:cs.CL),0.8141837,0.80491245,0.09122564042720059,pubmed:42282027,Ontology-constrained multi-LLM scoring of hypothesis support in the predictive processing literature.,0,0.3665558058889884,False,0.47618613,False,paper,False,,,,
arxiv:2610.01115,finance,paper,arxiv,Certified Alpha Capacity: Statistical Arbitrage When Learning Takes Time,2026-10-01,cat:q-fin.*,0.8109115,0.7862043,0.10113148860324268,arxiv:2609.02535,Uniform Inference and Certified Capacity at a Reflexive Stability Boundary,0,0.3665335054889598,False,0.53923523,True,paper,False,,,,
news:f683b8c27a4c4b05,finance,news,rss:gnews:post-quantum banking,US Financial Sector Quantum Threat Prep Led By Quantum Readiness Task Force - Quantum Zeitgeist,2026-09-09,gnews:post-quantum banking,0.7433665,0.7147335,0.304580600692308,news:3eb425e0d66a43d1,YesPanchi Tech Services Highlights Quantum Security Readiness for Financial Sector - LiveChennai,0,0.3663299899216801,False,0.48952752,False,news,False,,,,
gh:seat-hq/axbook,finance,repo,github,seat-hq/axbook,2026-09-17,defi,0.70780605,0.67324716,0.4122186084549786,gh:shmidtqq65/loxley,shmidtqq65/loxley,0,0.36609082470434007,False,0.5802763,True,news,False,,,,
arxiv:2610.00980,crossdomain,paper,arxiv,Can AI Scientists Coordinate at Runtime?,2026-10-01,cat:cs.MA AND submittedDate:[202610010000 TO 202610092359],0.8070505,0.798805,0.11738338224357396,arxiv:2609.33113,ParallelPilot: Supporting Coordination and Monitoring in Parallel AI Coding,0,0.36536624493135506,False,0.4829307,True,paper,False,,,,
arxiv:2610.00961,crossdomain,paper,arxiv,Cybernetic and Epistemic: A Missing Vocabulary for Trustworthy Agentic Delegation,2026-10-01,cat:cs.HC AND submittedDate:[202610010000 TO 202610092359],0.80902374,0.8003669,0.11337930352615026,arxiv:2609.22944,NostrAgent: A Decentralized Identity and Delegation Architecture for Sovereign Agentic Systems,0,0.3648874004902276,False,0.48381215,True,paper,False,,,,
news:763c4eab3c5370b4,finance,news,rss:gnews:UPI fraud,"Cyber Crime & Online Fraud in India: UPI Fraud, Hacking & Digital Arrest - Legal Service India",2026-09-26,gnews:UPI fraud,0.76180667,0.75186265,0.2553374270474278,s2:926e1e4e972143e875d9d59981e5cd562fd24896,Online Financial Fraud in India: A Legal and Criminological Study,0,0.3648106580010215,False,0.55865276,True,news,False,,,,
news:78ef554cb554ee2d,finance,news,rss:gnews:agentic payments,Amex accelerates business AI as high-profile alternatives emerge - American Banker,2026-09-30,gnews:agentic payments,0.70720667,0.7035395,0.42156011000325727,arxiv:2606.17555,ArapaiSecure: An Autonomous AI Security Agent for Banking: Multi-Vector Fraud and AML Detection Across Retail and Corpor,0,0.36420498754816644,False,0.5292171,True,news,False,,,,
arxiv:2609.39958,finance,paper,arxiv,Better Deck or Different Judge? Evaluating Agentic Harness Gains in Corporate and Investment Banking,2026-09-30,all:bank AND (cat:cs.LG OR cat:cs.AI OR cat:cs.CR OR cat:cs.CL),0.8067765,0.80200195,0.1238865112729408,arxiv:2605.30907,BlueFin: Benchmarking LLM Agents on Financial Spreadsheets,0,0.36394597948919893,False,0.5891878,True,paper,False,,,,
news:98c86a24a7d6a0d5,finance,news,rss:gnews:deepfake bank scam,AI Is Supercharging Crime — And Forcing A New Era Of Defense - Forbes,2026-09-24,gnews:deepfake bank scam,0.7410948,0.71981627,0.32104366346517654,news:0479310ac9a5caaa,AI is supercharging money scams. Here’s how to protect yourself from fraud - Fast Company,0,0.3639179633947227,False,0.44703373,False,news,False,,,,
arxiv:2610.01356,crossdomain,paper,arxiv,Port-Hamiltonian Neural Networks for Systems with Multiple Asymptotically Stable Equilibria,2026-10-01,cat:eess.SY AND submittedDate:[202610010000 TO 202610092359],0.798866,0.78983486,0.148247103740478,arxiv:2609.25226,Disorder-promoted stability,0,0.3637887585039674,False,0.45866966,True,paper,False,,,,
arxiv:2610.02433,crossdomain,paper,arxiv,Accelerated Safe Gradient Flow,2026-10-01,cat:eess.SY AND submittedDate:[202610010000 TO 202610092359],0.797949,0.77255833,0.1512509811195984,arxiv:2609.33630,lapanda: A Matrix-Free Differentiable Solver for Nonconvex Constrained Optimization Layers,0,0.36372550755060573,False,0.5115402,True,paper,False,,,,
gh:ethnv/BUYIN,finance,repo,github,ethnv/BUYIN,2026-09-27,fintech,0.7133318,0.6929263,0.4052067710142975,gh:Thorsten02041973/robinhood-cli,Thorsten02041973/robinhood-cli,0,0.36369941350863266,False,0.60935545,True,news,False,,,,
arxiv:2610.01041,crossdomain,paper,arxiv,Fairness and Non-wastefulness in Matching with Siblings and Initial Enrollments: Compatibility and Complexity,2026-10-01,cat:cs.GT AND submittedDate:[202610010000 TO 202610092359],0.8104505,0.8034314,0.11388780985771198,arxiv:2609.35192,"Envy-Free Decompositions of Random Assignments: Settling Four Agents, and What Lies Beyond",0,0.36369019171968453,False,0.5290761,True,paper,False,,,,
arxiv:2610.02312,crossdomain,paper,arxiv,Counterdiabatic Quantum Circuits,2026-10-01,cat:cond-mat.stat-mech AND submittedDate:[202610010000 TO 202610092359],0.79645914,0.79158175,0.15615339460185712,arxiv:2609.37095,A quantum double-bracket algorithm for imaginary-time evolution with exponentially shorter depth,0,0.3636173124556453,False,0.40695086,True,paper,False,,,,
arxiv:2610.02533,crossdomain,paper,arxiv,Critical behavior of stochastic rumors on the one-dimensional integer lattice,2026-10-01,cat:physics.soc-ph AND submittedDate:[202610010000 TO 202610092359],0.8106869,0.79735994,0.11444317627327086,arxiv:2609.31536,Collective impact of opinion formation on agent-based epidemic dynamics,0,0.3633740262975881,False,0.53560054,True,paper,False,,,,
arxiv:2610.00158,finance,paper,arxiv,Causal Price-of-Risk Mandates under Overlapping Information,2026-09-11,cat:q-fin.*,0.81813586,0.7970239,0.09312973991360249,arxiv:2608.18299,"The Market's Conditioning Representation: Equilibrium, Crowding, and Convention Multiplicity",1,0.36311564203270774,False,0.600066,True,paper,False,,,,
arxiv:2610.01059,crossdomain,paper,arxiv,Cross-platform frequency-domain physical neural networks with identical models and parameters,2026-10-01,cat:eess.SP AND submittedDate:[202610010000 TO 202610092359],0.81314707,0.7924501,0.10810456127023778,arxiv:2608.29012,Frequency Selective Neural Networks as a Foundation Architecture for Time Series Learning,0,0.3631135586646793,False,0.45613372,True,paper,False,,,,
arxiv:2610.00947,crossdomain,paper,arxiv,ABDA-NL: A Natural-Language Scenario Explorer for Argument-Based Reasoning,2026-10-01,cat:cs.HC AND submittedDate:[202610010000 TO 202610092359],0.80762726,0.7832817,0.12501151212441883,arxiv:2609.35412,Self-Adapting Group of Experts for Multi-Agent Reasoning,0,0.36302666155400887,False,0.47561935,True,paper,False,,,,
arxiv:2610.00889,crossdomain,paper,arxiv,HakiCC: LLM-Driven Multi-Agent Design and Optimization of Concurrency Control Protocols,2026-10-01,cat:cs.MA AND submittedDate:[202610010000 TO 202610092359],0.81118894,0.8078448,0.11487799721653352,arxiv:2609.21173,Adapting the Actor Model of Concurrency for High-Frequency Trading: Synchronous Message Delivery (fast_send) and a Tick-,0,0.3628887985207262,False,0.49790287,True,paper,False,,,,
arxiv:2610.02503,crossdomain,paper,arxiv,Compound AI System Reliability: A Failure Taxonomy and Resilience Pattern Catalog from 150 Production Incidents,2026-10-01,cat:cs.DC AND submittedDate:[202610010000 TO 202610092359],0.81942374,0.8042332,0.09064115374177897,arxiv:2608.23906,Quantifying System-Level Harms from AI Adoption in Complex Sociotechnical Systems,0,0.36277189530707843,False,0.46757552,True,paper,False,,,,
arxiv:2610.01341,crossdomain,paper,arxiv,Quantitative Assessment of Hemispheric Asymmetry in Alzheimer's Disease and Healthy Brains via QSM-Derived Biomarkers: A Proof of Concept Study,2026-10-01,cat:eess.SP AND submittedDate:[202610010000 TO 202610092359],0.7968034,0.76663077,0.158507184961764,pubmed:40968330,Study of brain perfusion in adults with Down syndrome along the Alzheimer's disease continuum.,0,0.36277065754450166,False,0.43751198,True,paper,False,,,,
arxiv:2609.39394,finance,paper,arxiv,Can Computation from Earlier Problems Help LLMs Solve New Ones?,2026-09-30,all:bank AND (cat:cs.LG OR cat:cs.AI OR cat:cs.CR OR cat:cs.CL),0.81755495,0.7911908,0.09826436233323227,arxiv:2609.34438,Remember by Asking: Retrieval-Induced Memory Evolution for LLM Agents,0,0.36226769638110845,False,0.46174365,False,paper,False,,,,
s2:fabc65bc843d9c0071fc46258fdd75f70c1b2dcb,finance,paper,semantic_scholar,"Explainability-preserving, Privacy-aware Multi-teacher Distillation for Regulated Enterprise AI",2026-09-30,explainable credit risk,0.805625,0.79563284,0.1346129300675818,s2:baff36a6dc7b625d7716101a9d3c04ff3612439b,"Explainable Artificial Intelligence (XAI): Techniques, Applications, Challenges and Future Directions - A Review",0,0.36212798648868927,False,0.5350488,True,paper,False,,,,
arxiv:2610.00104,finance,paper,arxiv,Modelling Robust Lending Decisions under Climate Scenario Ambiguity: A Minimax-Regret Framework with NGFS Short-Term Scenarios,2026-09-08,cat:q-fin.*,0.8146306,0.8052764,0.11003788619172099,doi:10.54254/2754-1169/2025.gl29749,Climate Disasters and Fintech Credit: Evidence from Wildfires and Peer-to-Peer Lending,3,0.3615175279256415,False,0.7164348,True,paper,False,,,,
arxiv:2610.01304,crossdomain,paper,arxiv,Federated Learning for LLMs over Mobile Networks: Issues and Solutions in the RAN Transport,2026-10-01,cat:cs.NI AND submittedDate:[202610010000 TO 202610092359],0.8091578,0.79953355,0.12717155396418722,arxiv:2609.33544,Adaptive Client Clustering and Coordination for Federated Learning Workflow Management in Edge Networks,0,0.3613387848449823,False,0.51328063,True,paper,False,,,,
arxiv:2610.01580,crossdomain,paper,arxiv,Protocol Integration of Physical Layer Deception into EAP-TEAP Wi-Fi Authentication,2026-10-01,cat:cs.NI AND submittedDate:[202610010000 TO 202610092359],0.79730284,0.7626388,0.16325039990145765,arxiv:2609.33539,Backward-Compatible Tag-Based PHY Authentication for Secure WLAN Sensing,0,0.36121023861716484,False,0.50267553,True,paper,False,,,,
arxiv:2610.00902,crossdomain,paper,arxiv,Mean field games as a tool for AI safety: a worked example from the July 2026 Hugging Face incident,2026-10-01,cat:cs.GT AND submittedDate:[202610010000 TO 202610092359],0.8136588,0.80075914,0.11551631076670127,arxiv:2609.25194,Indirect tipping: a social attack surface in AI agent populations,0,0.3608768269828547,False,0.49962473,True,paper,False,,,,
arxiv:2609.39365,finance,paper,arxiv,Ready2Blend: From Natural-Language Instructions to Composable Alignment Prompts,2026-09-30,all:bank AND (cat:cs.LG OR cat:cs.AI OR cat:cs.CR OR cat:cs.CL),0.81384414,0.795134,0.11672331536512,arxiv:2609.36289,How Much Prompt Is Enough? A Blackbox Minimization of Few-Shots in LLMs,0,0.3604360778016338,False,0.45224324,False,paper,False,,,,
news:1b0f79c60aff782d,finance,news,rss:ecb_press,Christine Lagarde: Interview with La Croix,2026-09-30,ecb_press,0.6563801,0.6110013,0.5893466350740023,news:fa813bf32a649708,Christine Lagarde: Hearing of the Committee on Economic and Monetary Affairs of the European Parliament,0,0.36037826842800214,False,0.34717926,False,news,False,,,,
s2:905c75e44e04a3566e504602a3de290ca69ecffd,finance,paper,semantic_scholar,Banking System and Services,2026-09-14,financial inclusion digital payments,0.80130893,0.7901822,0.1549009046100675,s2:5393dbc1e0d2f71d88a5edf696115cc4310d3f39,The Future of Banking Services in the Era of Digital Financial Ecosystems,0,0.3602930615061746,False,0.6581785,True,paper,False,,,,
arxiv:2610.01635,crossdomain,paper,arxiv,Low Overhead IMU Assisted Predictive Beam Management for Multiband LEO Direct to Device Links,2026-10-01,cat:eess.SP AND submittedDate:[202610010000 TO 202610092359],0.8042499,0.7843854,0.14809001153241222,arxiv:2609.26696,Reading the Sky to Forecast the Ground: Physics-Informed Link-State Forecasting for LEO Networks at Any Location,0,0.35979005529103025,False,0.4939921,True,paper,False,,,,
arxiv:2610.00619,finance,paper,arxiv,Beyond Supra-Competitive Outcomes: Collusive Behaviour in Deep Reinforcement Learning for Optimal Execution Games,2026-09-30,cat:q-fin.*,0.82005,0.80706996,0.10099537760238154,arxiv:2609.35402,Persistent Partners Raise Prices Among Learning Agents,0,0.35971365474109773,False,0.56591713,True,paper,False,,,,
arxiv:2610.01922,crossdomain,paper,arxiv,Interactive Power Flow in the Browser,2026-10-01,cat:cs.HC AND submittedDate:[202610010000 TO 202610092359],0.8157828,0.7873621,0.11404394114100252,arxiv:2609.36510,Expediting AC Contingency Analysis using a Basecase Machine Learning Model,0,0.3596519256530123,False,0.51168185,True,paper,False,,,,
arxiv:2610.02546,crossdomain,paper,arxiv,Professional Perspectives on Community and Public Engagement with Fusion Energy,2026-10-01,cat:physics.soc-ph AND submittedDate:[202610010000 TO 202610092359],0.79835606,0.7376528,0.16660914370526878,arxiv:2609.28398,Retrospective on the Design and Implementation of the Milestone-Based Fusion Development Program of the U.S. Department ,0,0.3595806719136486,False,0.48102525,True,paper,False,,,,
arxiv:2610.02290,finance,paper,arxiv,Expected Utility Regret Rule: Minimax and Bayes Optimal Portfolio Choice,2026-10-01,cat:q-fin.*,0.8165514,0.80924875,0.1127085820851519,arxiv:2609.29887,Cost-Sensitive Online Window Size Selection for Portfolio Management,2,0.3594093288973521,False,0.643535,True,paper,False,,,,
arxiv:2610.02557,crossdomain,paper,arxiv,How to Have a Sensitive Debate: An Instance-Optimal Protocol for AI Debate,2026-10-01,cat:cs.GT AND submittedDate:[202610010000 TO 202610092359],0.8102512,0.79595697,0.13255252063015394,arxiv:2609.35875,Beyond Symmetric Agents: Cognitive Diversity and Multi-Agent Debate in Small Language Models,0,0.3591735024756707,False,0.4637555,True,paper,False,,,,
gh:ajay-x0/distributed-banking-ledger,finance,repo,github,ajay-x0/distributed-banking-ledger,2026-09-19,banking,0.72551495,0.7250488,0.3874391098905725,patent:US20240211946A1,SYSTEMS AND METHODS FOR SEAMLESSLY PROCESSING TRANSACTIONS USING DISTRIBUTED LEDGER TECHNOLOGY IN A LEGACY SYSTEM INFRAS,0,0.35900399635014124,False,0.5970927,True,news,False,,,,
arxiv:2610.02346,crossdomain,paper,arxiv,"Traveling waves, phase separation and pattern formation in the active stepping stone model",2026-10-01,cat:q-bio.PE AND submittedDate:[202610010000 TO 202610092359],0.8119437,0.8045763,0.1286492732294203,arxiv:2609.14334,Extreme Events in an Active Fluid Medium,0,0.3588799142060727,False,0.47527495,True,paper,False,,,,
arxiv:2610.01271,crossdomain,paper,arxiv,Detection-Aware Rate--CRB Characterization for Resource Allocation in ISAC Systems,2026-10-01,cat:eess.SP AND submittedDate:[202610010000 TO 202610092359],0.8130633,0.8034692,0.1260655232224066,arxiv:2609.33571,"Three Stages of ISAC Signal Design: Principles, Methods and Standardization",1,0.35868614147223044,False,0.48905155,True,paper,False,,,,
arxiv:2610.02103,crossdomain,paper,arxiv,Unitary Schur Sampling of Qudits via Random SWAP Tests: Hunt for Antisymmetry,2026-10-01,cat:cond-mat.stat-mech AND submittedDate:[202610010000 TO 202610092359],0.80868024,0.8045641,0.14039581739250992,arxiv:2609.38134,Resource Compatibility in Optimal Quantum Symmetry Testing,0,0.3583908832983569,False,0.44252068,True,paper,False,,,,
arxiv:2610.08821,finance,paper,arxiv,Two-Regime Risk Measures under Convex Loss,2026-09-24,cat:q-fin.*,0.8094752,0.80017835,0.1384570232840582,arxiv:2608.20179,Dynamic Portfolio Optimization under CVaR Constraints,0,0.3582793565637816,False,0.59616643,True,paper,False,,,,
s2:c7cd3e3196bd0f525768ceb32c08b144c208b445,finance,paper,semantic_scholar,The Digital Wallet Trap: Assessing the Impact of E-Wallets on the Spending Habits and Financial Wellbeing of USM Students,2026-09-19,real-time payments,0.80405927,0.78880584,0.15584648747201843,doi:10.37641/jimkes.v14i4.5524,"Fintech Lending, Consumer Behavior, and Financial Management Behavior: Moderating Effect of Financial Literacy",0,0.3579939278489449,False,0.67421865,True,paper,False,,,,
s2:cb195867c31cf5aacc5702a684753ffb971bf95d,finance,paper,semantic_scholar,Investigating debt aversion in younger adults,2026-09-29,explainable credit risk,0.8085358,0.8006525,0.14319859733764292,s2:1f66266b1766b6ce247195b59c6f8266dd1657c9,Analysis of The Determinants of Buy-Now-Pay-Later Payment Mode Among Malaysians in Klang Valley,1,0.35779848995163055,False,0.6478732,True,paper,False,,,,
s2:8776586fcea793c18dd222b6b71d83d1c29cdf67,finance,paper,semantic_scholar,Explainable Machine Learning for Predicting Late Payments in Enterprise Accounts Receivable Systems,2026-09-24,real-time payments,0.8188517,0.8108016,0.11511229430015951,s2:59f88834c6f1898dc23068c99aca2de118a6adfc,"Machine Learning for Digital Payment Fraud Detection in Financial Institutions: A Review of Methods, Explainability, and",0,0.35708314440057654,False,0.5892052,True,paper,False,,,,
news:2abf1c4c9c1a677b,finance,news,rss:gnews:agentic payments,Mastercard's new AI payment tool lets bots buy without asking first - Quartz,2026-09-17,gnews:agentic payments,0.791091,0.75040984,0.19986140978259562,news:842ec1b5ff74d7c2,Mastercard and Visa want AI bots at checkout. Shoppers still want the final click - Fortune,0,0.35671636399645923,False,0.5348857,True,news,False,,,,
arxiv:2610.01897,finance,paper,arxiv,"Shared Models, Selective Trading, and Order Flow",2026-10-01,cat:q-fin.*,0.8250954,0.8177067,0.09873442036953312,arxiv:2608.31041,"Agentic Quantitative Trading: A Survey of Workflows, Systems, and Evaluation",0,0.35649483357109935,False,0.683664,True,paper,False,,,,
s2:a0be933f4840627afec90658705202cbde9f8b42,finance,paper,semantic_scholar,"A process-orchestration reference architecture for end-to-end visibility across AI agents, RPA, and enterprise systems",2026-09-30,agentic payments,0.81283677,0.80407983,0.13564815403566238,s2:980c48264b2e2cc8e54253881303b6246c3cc801,"Designing Production-Grade Agentic AI for Continuous Payment Exception Monitoring, Hierarchical Authorization, and Gover",0,0.35646035700652634,False,0.52881724,True,paper,False,,,,
arxiv:2610.01489,crossdomain,paper,arxiv,"Building Seasonal Highways for Residential Energy Hubs: Sizing, planning and operating thermal energy storage",2026-10-01,cat:eess.SY AND submittedDate:[202610010000 TO 202610092359],0.8188384,0.7931255,0.11947393842779028,arxiv:2609.34109,Integrated Thermal and Power Management for Wave-Powered Subsea Data Centers via Nonlinear Model Predictive Control,0,0.35600268734434637,False,0.52680004,True,paper,False,,,,
arxiv:2610.01142,crossdomain,paper,arxiv,Protocol for Discovering Convergent Molecular Networks across Multi-Omics Datasets Using Network Propagation,2026-10-01,cat:q-bio.MN AND submittedDate:[202610010000 TO 202610092359],0.81414586,0.78352576,0.13442831998996427,arxiv:2608.21168,Metabolic Network Properties: Comprehensive Analysis Across Domains,0,0.35578350780921064,False,0.49821615,True,paper,False,,,,
arxiv:2610.01672,crossdomain,paper,arxiv,Scalar field theory for (chiral) active Brownian particles: bottom-up derivation revisited,2026-10-01,cat:cond-mat.stat-mech AND submittedDate:[202610010000 TO 202610092359],0.80787414,0.78942394,0.15521359482121233,arxiv:2609.37436,"Phase separation, morphology, and metastability in the three-dimensional active Potts model",2,0.355291008853138,False,0.48768863,True,paper,False,,,,
arxiv:2610.01478,crossdomain,paper,arxiv,"On the Multi-Index, Multi-Rate, and Multi-Phase Dynamics of Decoder-Only Language Models: A Unified Hybrid Framework for Generative and Agentic Systems",2026-10-01,cat:eess.SY AND submittedDate:[202610010000 TO 202610092359],0.8234735,0.8114548,0.11017517324192752,arxiv:2608.18171,Looped Language Models Improve Compositional Tool Calling,0,0.354851056943577,False,0.5012415,True,paper,False,,,,
s2:71f903bf03d38312fbdfd89c6a42ee445546ef35,finance,paper,semantic_scholar,"Digital infrastructure and the efficiency, productivity and stability of banking sectors in transition economies",2026-09-30,open banking,0.81755,0.79510033,0.1291261929659958,s2:45bd329e508a4147a2ad0738b188be5092986423,"FinTech
 and Bank Efficiency in China: Evidence From a Dynamic Network Perspective",0,0.3545559342108936,False,0.6313081,True,paper,False,,,,
arxiv:2610.00287,finance,paper,arxiv,"Multi-Jurisdictional Legal Identity Assurance for Capability Gating: A Design-Science Proposal for Tiered, Reusable Identity Assurance of Natural, Juridical, and Machine Entities",2026-09-25,cat:q-fin.*,0.8284799,0.81628275,0.09685315341818433,s2:9b68f0d922062d21b68fb1679cf2c6c3a95e5b37,Computational Jurisprudence: Verifiable Law for Machine Societies,0,0.35442676730188705,False,0.64760274,True,paper,False,,,,
news:43f54ef1e0fd3727,finance,news,rss:gnews:open banking rule,Bank strike deferred: Are banks open today? Here's what you need to know - Business Standard,2026-09-28,gnews:open banking rule,0.75969106,0.731269,0.30400269856653267,news:ba80ba0eaf45eb96,Bank strike: Will banks be open on September 26 and 27? What RBI and bank unions say - The Economic Times,1,0.35423101576516614,False,0.5290967,True,news,False,,,,
arxiv:2609.38445,finance,paper,arxiv,AIM: Agentic Idea Management for Automated Research,2026-09-29,"all:""agentic"" AND (all:payment OR all:commerce OR all:finance)",0.823966,0.8111123,0.11362109867978525,arxiv:2609.34062,Scanvas: Discovering and Developing Synergistic Opportunities in Generative Design Spaces,0,0.3536202056004394,False,0.51664126,True,paper,False,,,,
arxiv:2610.02011,crossdomain,paper,arxiv,XAI Evaluation Cards: A Practical Method for Designing Human-Centred XAI Evaluations,2026-10-01,cat:cs.HC AND submittedDate:[202610010000 TO 202610092359],0.8338188,0.79985905,0.08445169504618973,s2:baff36a6dc7b625d7716101a9d3c04ff3612439b,"Explainable Artificial Intelligence (XAI): Techniques, Applications, Challenges and Future Directions - A Review",0,0.3535230110681645,False,0.5140287,True,paper,False,,,,
s2:6030afc11d89da70824e1056da3383893f2ca5c3,finance,paper,semantic_scholar,"The Institutional Trilemma of Sustainable Development: Reconciling Digitalization, Entrepreneurship, and Green‐Inclusive Growth",2026-09-28,open banking,0.81626564,0.80467683,0.13897738547196503,s2:ae3c7dc28ec449ebcee9736b2c22e6d3e62b0b1d,"Evaluating the Effects of Digital Rupiah Innovation, Green Finance, and Monetary Policy Uncertainty on Sustainable Econo",0,0.3530564067486164,False,0.66570526,True,paper,False,,,,
arxiv:2610.01860,crossdomain,paper,arxiv,Approximation theorems for fermionic Gaussian states,2026-10-01,cat:cond-mat.stat-mech AND submittedDate:[202610010000 TO 202610092359],0.8082789,0.7937963,0.16351669514456696,arxiv:2609.35973,One-dimensional quantum Gibbs states in constant circuit depth,3,0.3529116673164584,False,0.47117472,True,paper,False,,,,
arxiv:2610.01287,crossdomain,paper,arxiv,Ideal gas of active particles in a box,2026-10-01,cat:cond-mat.stat-mech AND submittedDate:[202610010000 TO 202610092359],0.8143951,0.8053627,0.14597302292964964,arxiv:2609.37289,Anomalous transport in periodic systems driven by active fluctuations,1,0.35271041190827357,False,0.48645696,True,paper,False,,,,
news:b2a3b256baab903a,finance,news,rss:gnews:tokenized deposits,Singapore banks complete first domestic tokenized deposit payments via Swift blockchain - Ledger Insights,2026-09-14,gnews:tokenized deposits,0.7521949,0.7408005,0.3360702853543824,news:4f836afb5f7935eb,UK banks complete first live customer transactions using tokenised sterling deposits | Insights - UK Finance,0,0.3518362675819977,False,0.6519851,True,news,False,,,,
s2:f9075d2df1c8804c6c301b279650426955f71af5,finance,paper,semantic_scholar,No single rail wins: Evaluation of cross-border payment performance in Latin America,2026-09-01,stablecoin,0.81831527,0.80962056,0.13780708002411837,s2:92e2eabb247e5306ab39e240a9199fdf4514a4aa,New model of Direct Settlements in National Currencies for BRICS Countries as the Basis for an Independent Payment Infra,4,0.35181177932182073,False,0.73818636,True,paper,False,,,,
news:a4424649637dc69e,finance,news,rss:gnews:bank fraud AI,Banks Say You Authorized It: The AI Scam That Costs Victims Everything - 24/7 Wall St.,2026-09-30,gnews:bank fraud AI,0.73093307,0.72352135,0.4019782170961473,news:4ddc30aaf1e128d4,Banks raise red flags over AI shopping bots and scam risks: What to know - The News International,2,0.3513056728911853,False,0.5590435,True,news,False,,,,
arxiv:2610.01569,crossdomain,paper,arxiv,Managing Context and Communication in Distributed Agentic UAV Swarms,2026-10-01,cat:cs.MA AND submittedDate:[202610010000 TO 202610092359],0.82815874,0.8143528,0.11128780151052341,arxiv:2609.35936,"Embodied Semantic Communication for Collective Autonomous Agents: A Tutorial on Representation, Wireless Delivery, and C",0,0.35105902725298443,False,0.4575451,True,paper,False,,,,
news:b51f8fb6f6f9c535,finance,news,rss:gnews:stablecoin bank,SNB's Tschudin voices concern about stablecoin impact on central banks - Yahoo Finance,2026-09-30,gnews:stablecoin bank,0.72823733,0.7091527,0.41117243133755416,news:64697618ae56d1d5,European Central Banks Call For Ban On Stablecoin Yield - Yahoo Finance,1,0.35102890888161487,False,0.67665225,True,news,False,,,,
gh:Totm33606/finrisk-agent,finance,repo,github,Totm33606/finrisk-agent,2026-08-27,credit-scoring,0.7647191,0.7444873,0.30288468694235854,gh:krik8235/credit-underwriting-systems,krik8235/credit-underwriting-systems,0,0.3507394520055602,False,0.5368001,True,news,False,,,,
s2:7a89baf9ee67b041232556c9a21677d3cba29e36,finance,paper,semantic_scholar,ULP-Swap: A Unified Liquidity Pool for Financial Reuse of Gaming NFTs via Pool Rentals and ABP-Secured Swaps,2026-10-01,tokenized deposits,0.83131456,0.7973425,0.10410183540096173,s2:1fffdebf2905c1b276be7f5ce238bac3eaa502dd,Don't Swap Horses in Midstream: A Centralization Study of Uniswap on Ethereum,0,0.35048861833634404,False,0.6119887,True,paper,False,,,,
news:3054b52e6e938b11,finance,news,rss:gnews:agentic payments,The rise of agentic payments: When treasury systems become autonomous bankers - Capgemini,2026-09-30,gnews:agentic payments,0.79541713,0.77202,0.21258569675777658,news:012682692b2e5e23,Building the banking infrastructure for the age of agentic commerce - Electronic Payments International,0,0.3502907134143156,False,0.6149497,True,news,False,,,,
pubmed:42827795,crossdomain,paper,pubmed,Design principles for cost functions in optimal sensory coding.,2026-09,predictive coding brain prediction error,0.8236705,0.807006,0.12951702932051354,pubmed:41990389,Rethinking Predictive Processing.,0,0.3498678330095323,False,0.461293,True,paper,False,,,,
arxiv:2610.00862,crossdomain,paper,arxiv,A multi-scale immuno-epidemiological behavioral model for influenza-like illness: connecting scales through symptom scores,2026-10-01,cat:q-bio.PE AND submittedDate:[202610010000 TO 202610092359],0.8259712,0.8131188,0.12285962117204884,arxiv:2609.07015,Synergistic Effects of Behavioral Feedback and Seasonality Generate Chaos in Cooperative Multi-Pathogen Systems,0,0.3498066901850456,False,0.5088431,True,paper,False,,,,
arxiv:2610.02069,crossdomain,paper,arxiv,AI Emulation of Stochastic Sudden Stratospheric Warming with Interpretable Latent Structure,2026-10-01,cat:physics.ao-ph AND submittedDate:[202610010000 TO 202610092359],0.82627064,0.8192236,0.12348410779177972,arxiv:2609.24882,Learning Prognostic Variables for AI Convective Parameterizations via Symbolic Distillation,1,0.3494259782285992,False,0.5065354,True,paper,False,,,,
arxiv:2610.01306,finance,paper,arxiv,DAYJOB: A Benchmark for Long-Horizon Professional Work,2026-10-01,"all:""agentic"" AND (all:payment OR all:commerce OR all:finance)",0.8172654,0.7968236,0.15143804466033914,arxiv:2605.30907,BlueFin: Benchmarking LLM Agents on Financial Spreadsheets,0,0.34919147512489324,False,0.53892034,True,paper,False,,,,
arxiv:2610.01160,crossdomain,paper,arxiv,Serving a Revisable World: Versioned Execution for Interruptible Agents,2026-10-01,cat:cs.DC AND submittedDate:[202610010000 TO 202610092359],0.82644,0.80817544,0.12516560729590437,arxiv:2609.35366,Planarian: Managing Agent State with Statepoints,0,0.3488785858545518,False,0.48245043,True,paper,False,,,,
arxiv:2610.00056,finance,paper,arxiv,Agentic AI for Staged Three-Dimensional Finite-Element Tunnel Modelling,2026-09-04,"all:""agentic"" AND (all:payment OR all:commerce OR all:finance)",0.8235912,0.7841504,0.13473758024739432,arxiv:2609.23360,Human-guided physics-constrained AI agents construct an auditable model of soil-plug evolution,0,0.34862224031794264,False,0.46147823,False,paper,False,,,,
s2:34334b85478b87d47428f6f297f4ca495ec329a0,finance,paper,semantic_scholar,Fiscal sustainability when public debt is high: The role of portfolio liquidity,2026-10-01,bank run liquidity,0.81667185,0.7971935,0.15650468316211258,s2:5dc4a5f4208989ffc4d750ad55b199282339169f,Dynamic Implications of Fiscal Policy on NPLs: Theoretical Analysis and Panel-Regression Empirics,0,0.3483699429866325,False,0.6096426,True,paper,False,,,,
arxiv:2610.00906,crossdomain,paper,arxiv,ActiveSaddler: Automated Curriculum Learning for Agent Harness Optimization,2026-10-01,cat:cs.MA AND submittedDate:[202610010000 TO 202610092359],0.82711154,0.81502455,0.12532975586041284,arxiv:2608.22793,"TRACE: A Self-Evolving Skill Bank for Consistent, Limit-Aware LLM Agents",0,0.3483338894650726,False,0.5372787,True,paper,False,,,,
news:3c9718f5ba90d07f,finance,news,rss:gnews:agentic payments,Why Visa’s Agentic Commerce Play Isn’t the Threat Wall Street Thinks It Is - 24/7 Wall St.,2026-09-11,gnews:agentic payments,0.71281356,0.6803795,0.46868771414106186,news:8b93673a00675521,Agentic Commerce Isn’t an AI Problem for Banks. It’s an Authorization Problem - The Financial Brand,0,0.34821791922016665,False,0.5446419,True,news,False,,,,
arxiv:2610.01095,crossdomain,paper,arxiv,Explaining El Niño Forecasts with the Average Gradient Outer Product,2026-10-01,cat:physics.ao-ph AND submittedDate:[202610010000 TO 202610092359],0.8291421,0.8043399,0.12069495718601723,arxiv:2609.25706,"Precursors, Pathways, and State-Dependent Reliability of Long-range ENSO Prediction in the CESM2 Seasonal-to-Multiyear L",0,0.3479696904596602,False,0.4510756,True,paper,False,,,,
arxiv:2609.39346,finance,paper,arxiv,"Offline Guidance, Online Reasoning: Reusing LLM Feedback for Small Language Models",2026-09-30,all:bank AND (cat:cs.LG OR cat:cs.AI OR cat:cs.CR OR cat:cs.CL),0.8238774,0.81771314,0.13675515682906725,arxiv:2609.05224,First Things First: Teaching LLM-Based Agents to Prioritize Must-Haves before Nice-to-Haves,0,0.34790315024204355,False,0.44301394,False,paper,False,,,,
s2:3902aec56024f17544549466da0814262d20e57d,finance,paper,semantic_scholar,How Regulatory Information Relates to Crypto Market Adjustment: The Role of MiCA-Specific Attention in Stablecoin Markets,2026-09-30,stablecoin,0.8159551,0.79518366,0.16116146338753645,arxiv:2607.09514,Does regulation bite at gateways? Evidence from MiCA and stablecoins,0,0.34774332222150584,False,0.62255514,True,paper,False,,,,
news:b36749759bd763ca,finance,news,rss:boe_news,Minutes of the Meeting of the Court of Directors held on 16 July 2026,2026-10-01,boe_news,0.74548537,0.6787125,0.3737859293704245,news:f2e39b61fe9f2724,Chancellor announces Bank of England appointments,0,0.3474394787131495,False,0.5934849,True,news,False,,,,
s2:a4d972d6f9592b8d3dde66551f3abcb86168d8e3,finance,paper,semantic_scholar,"Beyond scores underwriting: An explainable, inclusive and fraud-resilient underwriting framework leveraging banking relationship and transactional data",2026-09-01,banking fraud detection,0.82533467,0.8202559,0.13430364771003733,s2:3bb999fd8cd63d92185b0c8e5c9115f497dd119b,Approaches for Credit Risk Management by Financial Institutions,1,0.34742305715055466,False,0.6768843,True,paper,False,,,,
arxiv:2610.01562,finance,paper,arxiv,Social welfare and price discovery in double auction markets,2026-10-01,cat:q-fin.*,0.8168255,0.8051189,0.16000885257093453,arxiv:2608.14548,Forging Self-Funded Marketplaces among Strategic Agents,0,0.34737862525143137,False,0.5960983,True,paper,False,,,,
arxiv:2610.01169,crossdomain,paper,arxiv,STAKE: Preventing a colluding majority from double spending,2026-10-01,cat:cs.GT AND submittedDate:[202610010000 TO 202610092359],0.83267653,0.80557597,0.11448438786893769,arxiv:2609.30509,Too Late to Slash: Coordinating a Risk-Free Equivocation Attack,0,0.34687147581718936,False,0.5486202,True,paper,False,,,,
arxiv:2610.01703,crossdomain,paper,arxiv,Exact first-detection probability in a locally monitored solvable quantum circuit,2026-10-01,cat:cond-mat.stat-mech AND submittedDate:[202610010000 TO 202610092359],0.82440126,0.8191061,0.14174580764519684,arxiv:2609.33724,Quantum Dynamics of Full Counting Statistics in Fermionic Lattices with Localized Gain,0,0.3462626333242965,False,0.48897383,True,paper,False,,,,
s2:e1f5b3eefaf662b37f257b0325108bf0ae7d9c10,finance,paper,semantic_scholar,Beyond Checkout: A Payment-Centric Scalability Framework for Autonomous Retail,2026-09-03,real-time payments,0.83800334,0.810067,0.10171761574817968,s2:4727396805d4857fe9024d036a795d444cc8f688,Agentic Commerce: A Systematic Review of AI-Driven Autonomous Shopping and Emerging Transaction Protocols,0,0.34606810792666354,False,0.6138987,True,paper,False,,,,
arxiv:2610.01414,crossdomain,paper,arxiv,On thermalization in random free fermions: Statistical origins and energy-dependent ETH structure,2026-10-01,cat:cond-mat.stat-mech AND submittedDate:[202610010000 TO 202610092359],0.8345309,0.8018964,0.11375060696347701,arxiv:2609.33724,Quantum Dynamics of Full Counting Statistics in Fermionic Lattices with Localized Gain,2,0.34566416586701043,False,0.46681207,True,paper,False,,,,
arxiv:2610.01526,crossdomain,paper,arxiv,System-Level Gains of Dual-Band RIS: From Wireless Communication to SWIPT,2026-10-01,cat:eess.SP AND submittedDate:[202610010000 TO 202610092359],0.823949,0.7748008,0.14553685430019755,arxiv:2609.26953,RIS-Enabled Integrated Access and Relay: Empowering Collaboration Among BSs,0,0.3456540220893183,False,0.47574526,True,paper,False,,,,
arxiv:2609.38424,finance,paper,arxiv,Graph Anomaly Detection as Finite-Horizon Control: Training-Free Scoring via Empirical Bayes,2026-09-29,all:bank AND (cat:cs.LG OR cat:cs.AI OR cat:cs.CR OR cat:cs.CL),0.83195996,0.8100131,0.1223343084563598,arxiv:2609.33370,The Selection Rule Decides the Winner: A Pre-Registered Audit of Open-Set Graph Anomaly Detection,0,0.34544645075227354,False,0.54664266,True,paper,False,,,,
arxiv:2610.02370,crossdomain,paper,arxiv,Network-in-the-Loop at Scale: GPU-Batched 5G Simulation for Massively Parallel Robot Learning,2026-10-01,cat:cs.DC AND submittedDate:[202610010000 TO 202610092359],0.8335579,0.8175458,0.1188252675282369,arxiv:2609.35276,Weaver: A System for AI-RAN Compute Sharing with Foundation Model Training,0,0.3451252403918055,False,0.43937227,True,paper,False,,,,
arxiv:2609.38448,finance,paper,arxiv,Reach Into The CHOIR: Free-List Elicitation Uncovers Distinct Model Voices in LLM Ensembles,2026-09-29,all:bank AND (cat:cs.LG OR cat:cs.AI OR cat:cs.CR OR cat:cs.CL),0.83063304,0.81395066,0.1281574177411682,arxiv:2609.33743,Accounting for Stochasticity in Studies of Large Language Model Refusal,0,0.3449858921848862,False,0.49621382,False,paper,False,,,,
s2:566af9d4c39b6cadd61b6c6f473c62673d1d6406,finance,paper,semantic_scholar,Can Data Protection Law Shield the Human Voice? Evaluating the Role of the UK GDPR in Regulating Artificial Intelligence Voice Cloning,2026-09-29,synthetic identity fraud,0.82738096,0.7972792,0.1390270535723071,s2:2979066a19169f4f8ee08acb8779d1460f7cef7c,AI-Enabled Voice Cloning and Spoofing Risks in Speaker Verification Systems: A Comparative Analysis of Empirical Evidenc,0,0.34470750529131045,False,0.5180821,True,paper,False,,,,
arxiv:2609.39420,finance,paper,arxiv,QuantCode Model: Specializing Language Models for Executable Algorithmic Trading Code,2026-09-30,cat:q-fin.*,0.8332296,0.8240322,0.12260725535749092,arxiv:2605.23007,MadEvolve: Evolutionary Optimization of Trading Systems with Large Language Models,1,0.3444259702220591,False,0.5901437,True,paper,False,,,,
news:d069649989b77404,finance,news,rss:gnews:tokenized deposits,Brazilian CSD mirrors tokenized BTG fund shares on XRP Ledger - Ledger Insights,2026-09-30,gnews:tokenized deposits,0.761341,0.69947493,0.33932034787792714,news:8dd950f29006c11f,Brazil's CSD BR to use the XRP Ledger for recording and auditing financial assets and securities,0,0.3441642110117804,False,0.54784834,True,news,False,,,,
s2:7f5ed53d89b99f7752e220889004ea6ba3de03c6,finance,paper,semantic_scholar,"Personality Traits, Organizational Factors, and Professional Ethics in the Banking Sector: Evidence from Students and Professionals",2026-10-01,open banking,0.81489193,0.7817461,0.17945255941092766,s2:3f06bdc1dd4ddca34258096c19e1f3cf4d1ac736,FRAUD DETECTION IN ISLAMIC BANKING: THE INTERPLAY OF ETHICS AND GOVERNANCE,0,0.34396787954881836,False,0.5779397,True,paper,False,,,,
arxiv:2610.01348,finance,paper,arxiv,"Verify Claims, Not Scores: Evidence-Based Verification of Modular Agents",2026-10-01,cat:q-fin.*,0.84226906,0.83382094,0.10045544775474623,arxiv:2609.15319,"Clean Scores, Buried Evidence, and Confident Wrong: A Receipt-Based Audit of Frontier Agentic QA",2,0.34318431101205804,False,0.529295,True,paper,False,,,,
arxiv:2610.00051,finance,paper,arxiv,Climate aware lending allocation under NGFS scenarios - A Monte Carlo approach,2026-09-03,cat:q-fin.*,0.8376152,0.8197919,0.11449186083454771,doi:10.54254/2754-1169/2025.gl29749,Climate Disasters and Fintech Credit: Evidence from Wildfires and Peer-to-Peer Lending,2,0.34316565574015456,False,0.7248797,True,paper,False,,,,
arxiv:2609.38545,finance,paper,arxiv,"Say, Echo, Do: Strategic Narratives and Revealed Positioning in Financial Markets",2026-09-29,cat:q-fin.*,0.8491619,0.83442247,0.08019020663732251,arxiv:2609.28965,The Conversation Turns First: Crowd Discussion and Price Reversals in Prediction Markets,0,0.34308099124075486,False,0.65432334,True,paper,False,,,,
gh:callousedtank/digital-payment-fraud-detection,finance,repo,github,callousedtank/digital-payment-fraud-detection,2026-08-20,fraud-detection,0.78021604,0.7739892,0.28803335123143076,doi:10.22214/ijraset.2026.82507,Machine Learning-Based Classification System for Digital Payment Fraud Prevention,0,0.3428296186206702,False,0.63656473,True,news,False,,,,
arxiv:2610.01630,crossdomain,paper,arxiv,After Cooperation Is Learned: Gradient Routing and Optimizer-Dependent Maintenance in Multi-Agent Reinforcement Learning,2026-10-01,cat:cs.MA AND submittedDate:[202610010000 TO 202610092359],0.8348832,0.8119302,0.12409774924153666,arxiv:2609.34005,Learning to cooperate in a changing world: How caring about the future promotes cooperation across scales,0,0.34281315290720615,False,0.5169094,True,paper,False,,,,
news:8b6bbcc2de2c62c7,finance,news,rss:gnews:UPI fraud,"UPI Vs Debit Vs Credit Card, Which Payment Method Costs Merchants The Most And Why? - Free Press Journal",2026-09-18,gnews:UPI fraud,0.71000564,0.6925883,0.49884512201619446,news:1bb39a75adac02cb,UPI fee: Why govt is putting a price on big merchant payments - Rediff,0,0.34278451856058756,False,0.62358946,True,news,False,,,,
arxiv:2610.01294,crossdomain,paper,arxiv,GNSS Spoofing in Mobile Devices: A Survey on Impact and Countermeasures,2026-10-01,cat:eess.SP AND submittedDate:[202610010000 TO 202610092359],0.8344952,0.76905143,0.12682079866678522,arxiv:2609.37676,She Spoofed Sea Ships by the Sea Shore: Measuring Large-Scale GPS Spoofing in Global Maritime Traffic,0,0.3424233804266875,False,0.5097137,True,paper,False,,,,
s2:5c0b4e2fb8f836b9ae9d1ca48e4db75600538f1f,finance,paper,semantic_scholar,Exploring the impact of crowdfunding and digital payment tools on good governance in Islamic social finance: a case study of direct aid society in Kuwait,2026-09-30,real-time payments,0.82744384,0.81574535,0.14853466911609625,doi:10.31958/ab.v6i1.16075,"Implementation of Cash Waqf Linked Deposit in Islamic Banking in Indonesia: Regulations, Opportunities, Challenges, and ",1,0.34228345413134575,False,0.7183747,True,paper,False,,,,
arxiv:2610.02349,crossdomain,paper,arxiv,MIRROR: Multipath Quorum Integrity for LLM Multi-Agent Communication,2026-10-01,cat:cs.MA AND submittedDate:[202610010000 TO 202610092359],0.83728915,0.8172547,0.12151851003601842,arxiv:2605.27489,HARP: Measuring Harm Amplification in Multi-Agent LLM Systems,0,0.3416534916926556,False,0.4957754,True,paper,False,,,,
arxiv:2610.02082,crossdomain,paper,arxiv,Strong Simulation of 1D Quantum Circuits via Reduced Transition Matrices,2026-10-01,cat:cond-mat.stat-mech AND submittedDate:[202610010000 TO 202610092359],0.82796425,0.80933875,0.1512081983396655,arxiv:2609.37095,A quantum double-bracket algorithm for imaginary-time evolution with exponentially shorter depth,1,0.3412247806114642,False,0.41856843,True,paper,False,,,,
hn:49916668,finance,post,hackernews,10-year Treasury yield climbs above 5.3% to a level not seen in 24 years,2026-10-01,bank,0.70886624,0.65520704,0.5091459197941748,news:8ac18adce8c1b5b4,Analysts see 10-year Treasury yield hitting 6%. Bitcoin bulls shouldn't panic,0,0.34106381130359253,False,0.4746568,False,news,False,,,,
arxiv:2610.01971,crossdomain,paper,arxiv,Out-of-Network Attention Dynamics on Bluesky,2026-10-01,cat:cs.SI AND submittedDate:[202610010000 TO 202610092359],0.84518147,0.8233423,0.10242648491119821,arxiv:2609.31297,Who Belongs Together? Topical and Social Structure in Bluesky Starter Packs,0,0.3405072799105061,False,0.4920053,True,paper,False,,,,
s2:4a15f4c6be82824c5320ab154a0d830f10cb038b,finance,paper,semantic_scholar,Prospects for the implementation of digital financial assets at the regional level,2026-08-31,stablecoin,0.8319268,0.8157526,0.1439450473597324,s2:c6785e3da56f42a39738f32cb7bbe63eb3323a5b,Problems and Prospects for the Russian Banking Sector in the Context of the Digital Ruble Implementation,2,0.3400686211633017,False,0.71188146,True,paper,False,,,,
arxiv:2609.38765,finance,paper,arxiv,Multiperiod bond portfolio optimization with transaction costs using a Markov Decision process,2026-09-30,cat:q-fin.*,0.83497655,0.8205296,0.13531947174518383,arxiv:2608.20179,Dynamic Portfolio Optimization under CVaR Constraints,1,0.3399377464283281,False,0.6810051,True,paper,False,,,,
arxiv:2610.01786,crossdomain,paper,arxiv,Inferring Multi-Timescale Neural Dynamics with Switching Linear Dynamical Systems,2026-10-01,cat:q-bio.NC AND submittedDate:[202610010000 TO 202610092359],0.83356225,0.81553173,0.14017609598903197,arxiv:2609.32315,From Signals to Trajectories: A Primer on Low-Dimensional Dynamics in Human EEG and MEG,0,0.33978431462578884,False,0.5024743,True,paper,False,,,,
arxiv:2610.01873,crossdomain,paper,arxiv,Where LLMs Fail with Visualization DSLs,2026-10-01,cat:cs.HC AND submittedDate:[202610010000 TO 202610092359],0.8419859,0.77208173,0.11642319259243561,arxiv:2609.31922,Vibe Analysis: Exploring LLM Adoption by Data Visualization Practitioners,0,0.33940480575661525,False,0.47554633,True,paper,False,,,,
s2:69bd029309507db539a7afb83b1d5cdf8a2936d8,finance,paper,semantic_scholar,"Environmental Scanning and Strategic Decision Quality of Deposit Money Banks in Delta State, Nigeria",2026-09-11,open banking,0.8227488,0.80356866,0.17694196359109515,s2:4305d0344782721a11cfbd434532251156a157cc,"Risk Management Strategies as Determinants of Sustainability in Deposit Money Banks Within Ibadan, Oyo State, Nigeria",0,0.33870289411199184,False,0.61988616,True,paper,False,,,,
news:89264d958eee9a70,finance,news,rss:gnews:stablecoin bank,Exclusive | Stablecoin Company for Big Business Gets a Conditional Banking License - WSJ,2026-09-18,gnews:stablecoin bank,0.7649507,0.7216194,0.3514142282770665,news:2adcdda7390d1ace,These Banks Are Banding Together to Launch a Stablecoin - WSJ,0,0.3384334383416525,False,0.62716275,True,news,False,,,,
news:825fb1ce8320cb80,finance,news,rss:gnews:tokenized deposits,Leveraging Swift Messaging and Chainlink Infrastructure To Automate Corporate Actions for Tokenized Equities - Chainlink,2026-10-01,gnews:tokenized deposits,0.7614821,0.7402989,0.3625366517832788,news:243c836b1d311662,Chainlink Is Enabling Financial Institutions to Connect to Swift’s Blockchain Ledger - Chainlink,0,0.3382542771863214,False,0.5830943,True,news,False,,,,
arxiv:2610.01260,crossdomain,paper,arxiv,PROMO: Preference-conditioned Multi-Objective Reinforcement Learning for Quadrupedal Robots,2026-10-01,cat:cs.HC AND submittedDate:[202610010000 TO 202610092359],0.8323503,0.7985793,0.15441800229163158,s2:939be96a168ace92c6b13dbbd1426bd99143cd93,Reinforcement Learning for Diffusion Policies in Robotics: A Survey and State-Based Locomotion Reproduction,0,0.33713274927831893,False,0.4817349,True,paper,False,,,,
arxiv:2609.39310,finance,paper,arxiv,XIM: The XDC Interledger Messaging Protocol,2026-09-30,all:payment AND (cat:cs.CR OR cat:cs.LG OR cat:cs.DC),0.8509711,0.84768236,0.09924718262951295,arxiv:2608.17145,"Protocol-Embedded Compliance for Privacy-Preserving, Non-Custodial Digital Payments",3,0.3369599071090402,False,0.638348,True,paper,False,,,,
arxiv:2610.00147,finance,paper,arxiv,"Admissible Portfolio Optimization: Information Constraints, Conditional Efficient Frontiers, and the Price of Causal Identification",2026-09-10,cat:q-fin.*,0.84138584,0.82982504,0.1281943199285418,arxiv:2608.20179,Dynamic Portfolio Optimization under CVaR Constraints,3,0.3369120389906428,False,0.66070944,True,paper,False,,,,
arxiv:2610.01026,finance,paper,arxiv,It Takes Workflows to Evolve Better Workflows,2026-10-01,"all:""agentic"" AND (all:payment OR all:commerce OR all:finance)",0.8341258,0.8145603,0.15035895084314135,arxiv:2609.01045,AgentFactory: Towards Automated Agentic System Design and Optimization,0,0.3368158847715145,False,0.53280854,True,paper,False,,,,
news:9e3a13c4decff9c4,finance,news,rss:ecb_press,Isabel Schnabel: Monetary policy in a world of overlapping shocks,2026-09-30,ecb_press,0.7150124,0.7110528,0.508433089876445,s2:a0e2d5d961801809021135debe98c5b0f3caad55,CBDC and Macroeconomic Shock Transmission: A Balance Sheet Analysis,1,0.33663243397467535,False,0.52782285,True,news,False,,,,
pubmed:42837807,crossdomain,paper,pubmed,Phylodynamic inference of the contribution of transmission routes in infectious disease outbreaks.,2026-10,epidemic contact tracing network intervention,0.8332371,0.8105904,0.15654762335397837,arxiv:2609.23624,Demographic inference of pathogen-infected populations from partially observed transmission forests,0,0.3359352753863284,False,0.48757172,True,paper,False,,,,
s2:b1845bae601f46713d482f64e1f9a5e26c89a4fc,finance,paper,semantic_scholar,FFV-Net: A Federated Fraud-Aware Multi-Task Deep Learning Framework for Cross-Institution Payment Fraud Detection and Dynamic Startup Valuation under Uncertainty,2026-09-05,payment fraud graph neural network,0.8560708,0.845719,0.08890868292145375,s2:0b8e94abaab3d0963aa4fbb400e2a74987cbe0b5,Federated Learning Approaches to Collaborative Fraud Detection Across Financial Institutions,1,0.33571970198081824,False,0.66291285,True,paper,False,,,,
doi:10.66238/fsrma127,finance,paper,crossref,FFV-Net: A Federated Fraud-Aware Multi-Task Deep Learning Framework for Cross-Institution Payment Fraud Detection and Dynamic Startup Valuation under Uncertainty,2026-9-5,payment system fraud,0.8560708,0.845719,0.08890868292145375,s2:0b8e94abaab3d0963aa4fbb400e2a74987cbe0b5,Federated Learning Approaches to Collaborative Fraud Detection Across Financial Institutions,1,0.33571970198081824,False,0.66291285,True,paper,False,,,,
arxiv:2610.01325,finance,paper,arxiv,PPO-HRAP: Proximal Policy Optimization with a Hybrid Regime-Aware Policy for Risk-Controlled Trading,2026-10-01,cat:q-fin.*,0.8311247,0.8168114,0.16425259401556258,arxiv:2609.31870,Deep Reinforcement Learning for Equity Trading: Benchmarking Actor-Critic Methods with Forward Retraining,0,0.3355933241790623,False,0.6614477,True,paper,False,,,,
s2:f103b4b688eb5738f2e121f71acd19ef85e6c78f,finance,paper,semantic_scholar,Penerapan Machine Learning dalam Prediksi Return Saham Syariah di Pasar Modal Indonesia,2026-09-30,anti-money laundering machine learning,0.8235176,0.8087667,0.18802895668373568,s2:cd9ff653b269f3bac919250367f52dd5a31c0aed,Random Forest Classification for Indonesian Blue-Chip Banking Stock Trend Prediction,0,0.33535453050527453,False,0.58556426,True,paper,False,,,,
news:49cd72d682f33448,finance,news,rss:gnews:tokenized deposits,Citi Adds Japan And UAE To 24/7 Tokenized Deposit Network - Crowdfund Insider,2026-09-30,gnews:tokenized deposits,0.77150714,0.7445795,0.34449712619281797,news:ba93fbcedf55d7a1,Citi Japan’s Tokenized Deposit Launch Extends the Institutional Pivot Into Asia’s Deepest Regulatory Framework - Yahoo F,0,0.33524539027338973,False,0.6177337,True,news,False,,,,
news:5c089b94d6e0f0cc,finance,news,rss:gnews:agentic payments,Agentic Commerce Has A Consumer Trust Problem - Forbes,2026-10-01,gnews:agentic payments,0.74253964,0.72967345,0.4314060429020651,news:8b93673a00675521,Agentic Commerce Isn’t an AI Problem for Banks. It’s an Authorization Problem - The Financial Brand,0,0.335243756093484,False,0.5244801,True,news,False,,,,
news:7d2e8e31adfad9ac,finance,news,rss:gnews:tokenized deposits,Quant QNT: The Clearing House Mandate - CryptoTicker,2026-09-26,gnews:tokenized deposits,0.7685424,0.75168365,0.35439831477280115,news:ab173db254a01d4c,The Clearing House Selects Quant to Power Its Tokenized Deposit Network - CryptoRank,0,0.33499358479709507,False,0.574435,True,news,False,,,,
arxiv:2610.02477,crossdomain,paper,arxiv,Modular Model Order Reduction for Inverter-Based Power Systems with Stability and Accuracy Guarantees,2026-10-01,cat:eess.SY AND submittedDate:[202610010000 TO 202610092359],0.8223479,0.8098178,0.1946019488756681,arxiv:2609.33654,Nonlinear Participation Factor-based Power System Model Reduction Addressing Near-Resonance Conditions,0,0.3345886032237404,False,0.43299654,True,paper,False,,,,
news:d097764ba1f97ee8,finance,news,rss:gnews:tokenized deposits,How Tokenized Deposits Program Your Money #money #tokenization #blockchain #banks - YouTube,2026-09-30,gnews:tokenized deposits,0.7557701,0.7366924,0.39452430035988856,news:cca0d9e3ae1b9000,Tokenized Deposits: What Are They And How Are They Different to Stablecoins? - Arkham | Research,0,0.3345413892807554,False,0.65269625,True,news,False,,,,
arxiv:2610.01158,crossdomain,paper,arxiv,Understanding Student Use of Large Language Models Across Computer Science Subfields,2026-10-01,cat:cs.HC AND submittedDate:[202610010000 TO 202610092359],0.83956707,0.8185941,0.14421814264276697,arxiv:2609.32020,A Benchmark for LLM's Understanding of Middle School and High School Science Topics,0,0.3342701952124162,False,0.49868885,True,paper,False,,,,
s2:576f5be5b0297a2bd973495546f0a7d98d5e95e8,finance,paper,semantic_scholar,Toward Verifiable Paid Inference: Integrating x402 with Verifiable Machine Learning,2026-09-30,agentic payments,0.8482642,0.83123493,0.12006540303584043,arxiv:2609.00060,A Formal Analysis of Agent Payment Protocols,2,0.3337854862085081,False,0.6158298,True,paper,False,,,,
news:f7743e9eca2a28a0,finance,news,rss:gnews:agentic payments,Mastercard Advances Agentic Commerce With New Trust and Intelligence Services - Business Wire,2026-09-30,gnews:agentic payments,0.7598808,0.7370337,0.3856389854109071,news:fe2d717e2a1ba263,Mastercard Gets In on Agentic Payment Systems of the Future - Barron's,1,0.33367966776699365,False,0.55712676,True,news,False,,,,
arxiv:2610.00118,finance,paper,arxiv,The Hidden Costs of 99% Accuracy: A Trustworthiness Audit of the Telco Customer Churn Benchmark,2026-09-09,all:bank AND (cat:cs.LG OR cat:cs.AI OR cat:cs.CR OR cat:cs.CL),0.79266655,0.78773606,0.2901916057010738,s2:1f88a0fc24ce2873dec658ef08305d36ec4b47ab,AI-Powered Financial Fraud Detection Using Machine Learning: A Multi-Algorithm Approach,0,0.3329521529341676,False,0.59729946,True,paper,False,,,,
arxiv:2610.01248,crossdomain,paper,arxiv,Work fluctuation speed limit in boundary conformal field theories,2026-10-01,cat:cond-mat.stat-mech AND submittedDate:[202610010000 TO 202610092359],0.8129401,0.78709763,0.2294186288455684,arxiv:2609.36476,Crossover of Scaling Behaviors of Work Cumulants in a Driven Gaussian Field Theory,0,0.3329402522658418,False,0.42032358,True,paper,False,,,,
s2:1d201e66019f7f4c667985ed51841e748858f9fb,finance,paper,semantic_scholar,"SECURING DIGITAL PUBLIC INFRASTRUCTURE (UPI, AADHAAR,
ONDC, E-RUPEE) AGAINST QUANTUM-AI ATTACKS: A LEGAL-
TECHNICAL AUDIT",2026-09-01,financial inclusion digital payments,0.8492866,0.8280843,0.12480496645490646,s2:98db79a9276a2d92159b22eec05d5317907edb00,Securing Social Well-Being in the Quantum Age: Legal Roadmaps for PQC in Banking to Healthcare,0,0.33183378159870625,False,0.5752918,True,paper,False,,,,
s2:9306baa163f9c55bc208c9db8978ee0b0e79545c,finance,paper,semantic_scholar,From Community Institution to Economic Engine: The Changing Role of Credit Unions in America,2026-09-30,explainable credit risk,0.8214525,0.7527647,0.20859444877332012,s2:40feaa3ad8cef82823e341c907a8527e2e982720,Beyond the $1 Billion Threshold: What Separates Credit Unions That Scale from Those That Stall?,0,0.3317620437820118,False,0.61130047,True,paper,False,,,,
s2:bcf46c88623f72122865c6fcb16b23e206f997d4,finance,paper,semantic_scholar,"Crypto, Blockchain, and Shariah Compliance:",2026-09-15,stablecoin,0.84237844,0.8289558,0.14735382871051586,s2:a2066ede54d4c462336071dcea9497859004c385,The Perspective of Wealth on Crypto Assets Based on the Qur’an and Hadith,0,0.3313776997819047,False,0.6666225,True,paper,False,,,,
arxiv:2610.01102,crossdomain,paper,arxiv,MASkillBlender: Decentralized Whole-Body Coordination for Multi-Humanoid Loco-Manipulation via Skill Blending,2026-10-01,cat:cs.MA AND submittedDate:[202610010000 TO 202610092359],0.81696844,0.8048097,0.22487121519476336,arxiv:2609.32019,Decentralized Master-Mind: Joint Action Refinement through Iterative Intent Denoising in Multi-Agent Pathfinding,0,0.3310558654441681,False,0.44070366,True,paper,False,,,,
s2:246eeb8471566192d21a7d7d8dd530da525455ce,finance,paper,semantic_scholar,FinTech and Regulatory Framework: A Comparative Study Between United States of America and United Kingdom,2026-09-30,open banking,0.82424456,0.8109347,0.203622195924847,s2:3c3fecc71765b8830832dba5431cab28333167b5,Comparative analysis of the European regulation and U.S. bills in shaping the global framework for cryptoasset regulatio,0,0.3309110170092362,False,0.6601323,True,paper,False,,,,
arxiv:2610.03736,finance,paper,arxiv,Efficient Analog-Initialized Latent Transport for Spatially Coherent Probabilistic Downscaling from Global to Kilometer Scales,2026-09-15,all:bank AND (cat:cs.LG OR cat:cs.AI OR cat:cs.CR OR cat:cs.CL),0.8534784,0.8334013,0.11625158049956828,arxiv:2609.09247,Steering Diffusion Priors with Sparse Observations for High-Resolution Temperature Downscaling,2,0.33082834070350764,False,0.50136423,False,paper,False,,,,
news:eafa8b50b9f863a7,finance,news,rss:gnews:tokenized deposits,Banks Use Tokenized Deposits for 24/7 Cross-Border Payments - KuCoin,2026-09-18,gnews:tokenized deposits,0.76374316,0.7466196,0.3868975972551615,news:b86638d90d92a0d8,UK Banks Make History With First Interbank Transactions Using Tokenized Deposits - CryptoRank,0,0.3304682290698461,False,0.6954768,True,news,False,,,,
arxiv:2610.01474,crossdomain,paper,arxiv,Cramér-Rao Bound Optimization for Joint Beamforming and Mode Selection in RDARS-Assisted ISAC Systems,2026-10-01,cat:eess.SP AND submittedDate:[202610010000 TO 202610092359],0.8334181,0.8238915,0.17845043488351972,arxiv:2609.33305,A Low-Dimensional Riemannian Alternating Optimization Algorithm for BD-RIS-Assisted Multiuser Beamforming,1,0.3303238527277895,False,0.4914977,True,paper,False,,,,
arxiv:2610.02595,crossdomain,paper,arxiv,Effects of a Behavioural Commitment Scheme on Study Regularity in a Self-Paced Learning Platform,2026-10-01,cat:cs.HC AND submittedDate:[202610010000 TO 202610092359],0.80176836,0.75669926,0.27642730102975643,arxiv:2609.34953,From Early Participation to Later Completion: Evidence from a Large-Scale Self-Paced Learning Programme,0,0.3295668879498057,False,0.53399795,True,paper,False,,,,
s2:9e334156dc2ce96ac6ad9b87d3b044747ba10691,finance,paper,semantic_scholar,Impact of Microfinance Programmes on Poverty Alleviation in Bangladesh: Evidence from Household-Level Data,2026-09-30,credit scoring alternative data,0.8275069,0.80506814,0.20063568185701822,s2:49fb08c2894827083ff0ae6d627c3dd0a6ab4a6f,The impact of small-scale irrigation on household welfare: evidence from Ethiopia,1,0.32921093446280847,False,0.63240045,True,paper,False,,,,
s2:f2fa0ebaa0d4670f9070ced4a8285226c5a9ffeb,finance,paper,semantic_scholar,"Integrating Blockchain with AI: A Data-Driven Model for Secure, Scalable Decentralized Finance (DeFi) Systems",2026-10-01,banking fraud detection,0.85095537,0.8438204,0.13043930082517116,doi:10.71443/9789349552463-05,AI-Powered Online Payment Security and Fraud Detection in Modern Finance,3,0.32917367927979124,False,0.6147301,True,paper,False,,,,
arxiv:2610.00972,crossdomain,paper,arxiv,VeriHarness: Scaling Agentic Verification for Long-Horizon Tasks,2026-10-01,cat:cs.MA AND submittedDate:[202610010000 TO 202610092359],0.84611356,0.8361619,0.14918468834337295,arxiv:2608.21867,MemGuard: Persisting Verifier Signals for LLM-Agent Memory Governance,2,0.32811868577853665,False,0.56177014,True,paper,False,,,,
s2:68b96c3f26aa3ede6580c8396d588dbc53f4bfec,finance,paper,semantic_scholar,"International Stablecoin Flows, Capital Controls and Currency Crises",2026-10-01,stablecoin,0.8293323,0.8084178,0.20103572306627054,s2:00131d5cb3a41813b002c8da6a6e70eceecdc5d4,Stablecoins Meet the Mundell–Fleming Trilemma,0,0.3277418650746494,False,0.6906714,True,paper,False,,,,
s2:e2ef140b4ad5362915db7e7eac9b553a66553dc6,finance,paper,semantic_scholar,ESG and Financial Data Extraction and Correlation Analysis Using Multi‐Agent LLMs on Bank Reports,2026-10-01,LLM agents finance,0.838089,0.8238686,0.17551903913749148,s2:d93e0176585e41880b85b2ba768af2d8ea3f32a4,The impact of individual ESG components on commercial bank performance: Evidence from Vietnam,2,0.32755349827226776,False,0.6393501,True,paper,False,,,,
news:74c2882974e4b420,finance,news,rss:gnews:agentic payments,AI shopping agents need receipts - Payments Dive,2026-09-30,gnews:agentic payments,0.75260353,0.72347087,0.4331321471356816,news:9963ad722ea7c02c,Stripe’s wallet embraces AI bots - Payments Dive,0,0.32726431505323783,False,0.498229,False,news,False,,,,
arxiv:2610.01187,finance,paper,arxiv,On the Pricing of American Options under Stochastic Local Volatility and Stochastic Correlation via the RBSDE Framework,2026-10-01,cat:q-fin.*,0.81747186,0.8075654,0.2392074387766022,arxiv:2608.25223,On the hedging problem in general 1D diffusion markets,1,0.32709427372870103,False,0.578933,True,paper,False,,,,
s2:05d4a32370f5a014aa7b6ca121c163f840ab2d5b,finance,paper,semantic_scholar,Can We Trust Autonomous Agents? A Formal Framework for Verifiable Agent Economies,2026-10-01,agentic payments,0.8595395,0.85130006,0.1134810972116964,arxiv:2609.02992,Tempting the Agent: The Economics of Reputation without Persistent Identity in AI Agent Markets,2,0.3269750940823909,False,0.60450906,True,paper,False,,,,
arxiv:2610.01303,crossdomain,paper,arxiv,A High-Density EEG Dataset for Stimulus-Driven Auditory Attention,2026-10-01,cat:q-bio.NC AND submittedDate:[202610010000 TO 202610092359],0.83743346,0.81704235,0.18240487497922478,arxiv:2609.20595,A Deep Neural Network for Predicting Continuous Human EEG Across the Auditory Pathway in Response to Sound,0,0.3263236584219419,False,0.4471879,True,paper,False,,,,
arxiv:2610.01756,finance,paper,arxiv,SoK: Decentralized Agent Economic Infrastructure,2026-10-01,all:payment AND (cat:cs.CR OR cat:cs.LG OR cat:cs.DC),0.8666941,0.83763945,0.09508452625683533,arxiv:2609.00060,A Formal Analysis of Agent Payment Protocols,2,0.3262082690705568,False,0.56443787,True,paper,False,,,,
arxiv:2610.01667,crossdomain,paper,arxiv,Conditioning LLMs on Social Value Orientation improves behavioural alignment in a sequential social dilemma,2026-10-01,cat:cs.GT AND submittedDate:[202610010000 TO 202610092359],0.86080045,0.8315133,0.11417108089490857,arxiv:2609.26481,Behavior is Not Enough: A Mechanism-Based Evaluation of Social Norm Emergence in LLM Societies,1,0.3258569108675815,False,0.50785017,True,paper,False,,,,
news:f716086be1f70ead,finance,news,rss:gnews:bank fraud AI,Banks Say You Authorized It: The AI Scam That Costs Victims Everything - AOL.ca,2026-09-30,gnews:bank fraud AI,0.78195953,0.75166947,0.3508156529669473,news:4f4357e6fce4f96d,"AI messaging scam costs Italy's top bank Intesa millions, sources say - AOL.ca",2,0.32582643648970855,False,0.53381646,True,news,False,,,,
s2:09e1cb0f01fba5355c54da77e68b7cdfb33fe849,finance,paper,semantic_scholar,Digital Transformation and Financial Inclusion: The Case of Instant Payments in Brazil,2026-09-01,financial inclusion digital payments,0.8621835,0.8398266,0.11420916457675015,s2:f54aa8b7b0d898378faac195ab57b3721dd0e8f2,Digital Payments and Financial Inclusion: An Integrative Literature Review and Access-to-Use Framework,6,0.3248100903140949,False,0.74911046,True,paper,False,,,,
arxiv:2610.00990,crossdomain,paper,arxiv,Selection rules for the harmonic spectroscopy of animal decisions,2026-10-01,cat:q-bio.NC AND submittedDate:[202610010000 TO 202610092359],0.8433544,0.8001399,0.17109457710759113,arxiv:2609.33896,Harmonic Theory of Behavior,0,0.3247105676447941,False,0.48221305,True,paper,False,,,,
s2:a0f2ca94dfbe2be124fa93eba291a3b2a9c7f52f,finance,paper,semantic_scholar,Artificial Intelligence-Driven Audit Technology and Auditor Performance: Evidence from Listed Deposit Money Banks in Nigeria,2026-09-30,banking fraud detection,0.85192525,0.8376433,0.14819259165678408,s2:9300acee94470f0cf9498a23b555dfd12804e9f3,Artificial Intelligence-Driven Internal Control Systems and Cybercrime Prevention in Nigerian Deposit Money Banks,0,0.32400794148704914,False,0.6434281,True,paper,False,,,,
arxiv:2610.00340,finance,paper,arxiv,Short-term barrier option price expansion,2026-09-29,cat:q-fin.*,0.8192995,0.8142047,0.246569013983157,arxiv:2609.11586,Short-maturity skew stickiness ratio under local volatility,3,0.3238830923065179,False,0.6069121,True,paper,False,,,,
s2:62b36e54d7e942e0e80de7543ae66149d6b116b7,finance,paper,semantic_scholar,"The Effect of Non-Cash Payments, BI Rate, and Money Supply on Economic Growth in Indonesia",2026-09-30,real-time payments,0.8379908,0.820971,0.19116386059680296,s2:6b2fe43ea07e6eb27929d4a9c026b996e19df77a,P2P Lending's True Impact on the Money Supply: An ARDL Analysis of Inflation Volatility and Monetary Policy Response in ,0,0.32371590464373745,False,0.6209852,True,paper,False,,,,
arxiv:2610.01805,crossdomain,paper,arxiv,Robustness in Mechanism Design,2026-10-01,cat:cs.GT AND submittedDate:[202610010000 TO 202610092359],0.8378491,0.8187332,0.19255625060434833,arxiv:2608.01693,Money Burning Mechanism Design: From Welfare to Surplus,0,0.3234741418281304,False,0.5786794,True,paper,False,,,,
s2:b044c2e70a628858fa6a2c0a1a33e9633d0a9c91,finance,paper,semantic_scholar,Global regulatory models towards an inclusive economy: three facets of emerging digital feudalism,2026-09-30,central bank digital currency,0.8582772,0.8435453,0.13337149811814497,s2:ee5fedf69782aaeaf164735435734e5aa235cd4b,From Cryptocurrencies to CBDCs: A Scoping–Integrative Review Proposing a Digital Money Ecosystem Taxonomy (DMET),6,0.32294925403339103,False,0.760065,True,paper,False,,,,
arxiv:2610.01176,crossdomain,paper,arxiv,Dynamical Critical Properties of the Random-Bond three-state Potts Model,2026-10-01,cat:cond-mat.stat-mech AND submittedDate:[202610010000 TO 202610092359],0.8300342,0.8033826,0.218759327790323,arxiv:2609.36886,Static versus dynamic universality in the site-diluted kagome Ising model,0,0.3227845356709801,False,0.46226722,True,paper,False,,,,
arxiv:2610.01000,crossdomain,paper,arxiv,Evaluating LLM-Generated Preference Distributions,2026-10-01,cat:physics.soc-ph AND submittedDate:[202610010000 TO 202610092359],0.86665255,0.83756894,0.11006007716114186,arxiv:2608.17644,LLM-Derived Preference Judgments Are Not Self-Consistent,1,0.3224955545736977,False,0.5255797,True,paper,False,,,,
arxiv:2610.02125,crossdomain,paper,arxiv,Local random quantum circuits converge to the Porter-Thomas distribution in polynomial depth,2026-10-01,cat:cond-mat.stat-mech AND submittedDate:[202610010000 TO 202610092359],0.81919223,0.7786836,0.2525379309364272,arxiv:2609.37890,Towards verifiable quantum advantage with random circuits: Observables that survive concentration,0,0.3224713293386471,False,0.4637887,True,paper,False,,,,
arxiv:2610.00354,finance,paper,arxiv,Proof-Gated Signing: Solver-Checked Transaction Guards that Hold Under State Drift for Onchain AI Agents,2026-09-30,"all:""agentic"" AND (all:payment OR all:commerce OR all:finance)",0.8622018,0.83493865,0.12559020010747537,arxiv:2608.17220,PACE: Policy-Attested Contract Execution for Safe AI Agents in Decentralized Finance,2,0.3219510627584705,False,0.5914126,True,paper,False,,,,
pubmed:42844282,crossdomain,paper,pubmed,Plasmid-Host Networks Reveal Persistent Mobile Elements Across Wastewater Treatment.,2026-09,horizontal gene transfer network,0.8232616,0.8119156,0.24265828150165822,pubmed:42597927,PlasmidRiskNet: An explainable machine-learning framework for antimicrobial resistance plasmid risk stratification.,0,0.3218892454662603,False,0.43157777,True,paper,False,,,,
news:ed1d840ef45cac3a,finance,news,rss:gnews:UPI fraud,UPI Limit Scam Costs Pensioner Couple Nearly ₹6 Lakh In Indore - Free Press Journal,2026-10-01,gnews:UPI fraud,0.7421582,0.69572115,0.4884276523506089,news:380e26cf6ca298f6,Woman loses Rs 1.13 lakh in UPI fraud - The Times of India,0,0.3212744560262699,False,0.43985844,False,news,False,,,,
arxiv:2610.01112,crossdomain,paper,arxiv,Dissipation-Sensitivity Trade-Off in Dissipative Bosonic Systems,2026-10-01,cat:cond-mat.stat-mech AND submittedDate:[202610010000 TO 202610092359],0.8346032,0.82282126,0.21518793394759134,arxiv:2609.37149,A quantum thermal machine surpassing the classical thermodynamic limit on precision,0,0.32025065349888093,False,0.40312245,True,paper,False,,,,
news:eac2c65d2fb21105,finance,news,rss:gnews:open banking rule,Banks to remain closed for 4 days from today; Check state-wise list of holidays | India News - Hindustan Times,2026-09-12,gnews:open banking rule,0.7575659,0.73910207,0.44706218278610127,news:830240160aad7157,"Will Banks Be Open or Closed on Radha Ashtami, 19 September? Check Saturday Holiday Status - Jagranjosh.com",0,0.32006003251621273,False,0.5181052,True,news,False,,,,
arxiv:2610.02435,finance,paper,arxiv,SoK: Stablecoins in the Quantum Era,2026-10-01,all:payment AND (cat:cs.CR OR cat:cs.LG OR cat:cs.DC),0.8660059,0.84562224,0.12393334803412798,s2:f8438a437b44d2122255f7988f1a22aa7eddace2,Stablecoins as private money: a policy agenda,3,0.31951223984998856,False,0.7141857,True,paper,False,,,,
news:d5341e538034c145,finance,news,rss:gnews:open banking rule,Can You Have 2 Chase Freedom Credit Cards? - NerdWallet,2026-09-22,gnews:open banking rule,0.6932579,0.6119586,0.6447483909484004,news:ac60daeb14b01190,Chase 5/24 Rule: What to Know - NerdWallet,0,0.31886942653963324,False,0.4450143,False,news,False,,,,
arxiv:2609.39284,finance,paper,arxiv,EngramBench: A Capability-Grounded Benchmark for Skill-Evolution Harnesses,2026-09-30,all:bank AND (cat:cs.LG OR cat:cs.AI OR cat:cs.CR OR cat:cs.CL),0.87299347,0.8533174,0.10585147373703006,arxiv:2609.05571,Grounded Skill Synthesis from Code at Scale for Agentic Intelligence,1,0.31879202963703157,False,0.47386917,False,paper,False,,,,
arxiv:2610.02204,crossdomain,paper,arxiv,"Reconstruct, Practice, Go Real: Guided Self-Improvement for Embodied Agents",2026-10-01,cat:eess.SY AND submittedDate:[202610010000 TO 202610092359],0.8508894,0.8289202,0.17290056605256296,arxiv:2609.37810,"Explore, Execute, Evolve: A Skill Acquisition and Reuse Loop for Embodied Agents",0,0.31860783482810684,False,0.43461913,True,paper,False,,,,
arxiv:2610.01361,crossdomain,paper,arxiv,Degree-Corrected Joint Matrix Factorization for Multilayer Community Detection,2026-10-01,cat:cs.SI AND submittedDate:[202610010000 TO 202610092359],0.8639403,0.8068098,0.13559261916817883,arxiv:2609.37253,Explicit objective functions in modularity-based community detection on multiplex networks,0,0.31814660638883296,False,0.5056031,True,paper,False,,,,
s2:b6799590fefebdbf0942778cc51efb6db43a0e18,finance,paper,semantic_scholar,NEURAL NETWORK TECHNOLOGIES AS A TOOL FOR DATA PROTECTION IN THE BANKING SECTOR,2026-09-01,banking fraud detection,0.8622109,0.84792507,0.14156657364267458,s2:f6a3abd60e884d27e9534b77799ef5d311fae143,Artificial intelligence technologies in countering financial crime: opportunities and limitations,0,0.31795017444516627,False,0.6727915,True,paper,False,,,,
arxiv:2610.01209,crossdomain,paper,arxiv,Fermionic Gaussian Scrooge Ensembles in Deep Thermalization,2026-10-01,cat:cond-mat.stat-mech AND submittedDate:[202610010000 TO 202610092359],0.83634543,0.81105167,0.22104741577181258,arxiv:2609.36008,Entanglement spectrum and magic in higher-dimensional free fermionic systems,3,0.3174790704154148,False,0.42351657,True,paper,False,,,,
arxiv:2610.02553,crossdomain,paper,arxiv,Dependence of the precipitation intensity distribution on spatial and temporal resolution in observations,2026-10-01,cat:physics.ao-ph AND submittedDate:[202610010000 TO 202610092359],0.85930914,0.80998576,0.15240376233443134,arxiv:2609.25533,Hydrological Constraints on Temperature Sensitivities of Precipitation Frequency and Intensity,0,0.317417221666911,False,0.48573688,True,paper,False,,,,
news:aa6b5dd4d856f09d,finance,news,rss:gnews:agentic payments,"Mastercard Adds Trust, Intelligence Services to Agentic Payments Program - Yahoo Finance",2026-09-30,gnews:agentic payments,0.79127014,0.7754485,0.35801384656197105,news:d96e5109345a4f12,Alchemy Unlocks AI Agent Purchases Anywhere Mastercard is Accepted Online via AgentCard - Yahoo Finance,2,0.3170439655369365,False,0.5730977,True,news,False,,,,
s2:53ad7d5e394a69d81cc3c3eac303e21c84f6a672,finance,paper,semantic_scholar,Open Banking Reform and Small Business Lending: A Case Study of Financial Innovation in the United Kingdom,2026-08-20,open banking,0.8588354,0.834795,0.15619211679801312,s2:54562ca6d7f95c466ecc28c9ae9e82da72a37104,Open Banking and the Digital Transformation of Financial Markets in Nigeria: A Systematic Review,2,0.31682543633852167,False,0.73824763,True,paper,False,,,,
arxiv:2610.01118,finance,paper,arxiv,Madeleine: Learning Involuntary Recall for Conversational Memory from Simulated Lives,2026-10-01,all:bank AND (cat:cs.LG OR cat:cs.AI OR cat:cs.CR OR cat:cs.CL),0.8591327,0.8378447,0.15742633441536075,arxiv:2609.34438,Remember by Asking: Retrieval-Induced Memory Evolution for LLM Agents,0,0.31629390095807997,False,0.4351044,False,paper,False,,,,
arxiv:2610.01181,crossdomain,paper,arxiv,Fully Online Decentralized Learning in Stochastic Games with Unknown Independent Chains,2026-10-01,cat:cs.MA AND submittedDate:[202610010000 TO 202610092359],0.8554182,0.83717155,0.17138425841970928,arxiv:2609.34656,Minimax Last-Iterate Convergence in Matrix Games with Observed Actions,0,0.3155902814491498,False,0.5204747,True,paper,False,,,,
arxiv:2610.01872,crossdomain,paper,arxiv,From Network Intrusion Detection to Blockchain-Backed Endpoint Detection and Response: Mapping the Landscape of Decentralized Detection-and-Response Architectures,2026-10-01,cat:cs.NI AND submittedDate:[202610010000 TO 202610092359],0.86336833,0.82258034,0.147681506232073,s2:f5b3a37b2e90ce976140fecf5042cfcc9ab11563,Decentralized Defense: Evaluating Blockchain's Role in Modern Cybersecurity Architectures,1,0.3155533592513079,False,0.5606759,True,paper,False,,,,
arxiv:2610.00896,crossdomain,paper,arxiv,Seamless Reconfiguration for DAG-BFT,2026-10-01,cat:cs.DC AND submittedDate:[202610010000 TO 202610092359],0.85385174,0.7872323,0.17649706594066653,arxiv:2609.37913,Byzantine Causal Reliable Broadcast with Constant Metadata Overhead,0,0.3154869467220782,False,0.51267636,True,paper,False,,,,
arxiv:2610.00998,finance,paper,arxiv,Portfolio Choice under General Utility with Transaction Costs and Search Frictions,2026-10-01,cat:q-fin.*,0.846395,0.8423007,0.19889944572286036,arxiv:2608.30558,A note on markets with semi-static trading strategies,3,0.31547887678187037,False,0.6422,True,paper,False,,,,
arxiv:2610.01265,crossdomain,paper,arxiv,RapidMoE: Exploiting Cross-Asymmetry via Adaptive Residual Offloading for Large-Scale MoE Inference,2026-10-01,cat:cs.DC AND submittedDate:[202610010000 TO 202610092359],0.84235173,0.83400345,0.21295387771141563,arxiv:2609.33385,OLED-MoE: Accelerating MoE-Based dLLM Inference via Inter-Iteration Locality-Aware Expert Offloading,1,0.3149977146923243,False,0.48687738,True,paper,False,,,,
arxiv:2610.02310,crossdomain,paper,arxiv,Homological Thresholds in Randomly Monitored Quantum Error-Correcting Codes,2026-10-01,cat:cond-mat.stat-mech AND submittedDate:[202610010000 TO 202610092359],0.847547,0.82152957,0.19764290085301053,arxiv:2609.38139,Local autonomous inference machines for quantum LDPC codes,0,0.31492904367331354,False,0.44650018,True,paper,False,,,,
s2:3a24ecf7ea3626267412bc4a20a7538baec92198,finance,paper,semantic_scholar,Model Hybrid Central Bank Digital Currency (CBDC) dalam Sistem Moneter Ganda: Integrasi Maqashid Syariah dan Stabilitas Keuangan,2026-09-30,central bank digital currency,0.8542718,0.84981984,0.17969616539934144,s2:3a1ca31bd363fad408a995cb504d0ae6fbb481fc,Central Bank Digital Currencies (CBDCs) and the Future of Monetary Policy: A Comparative Study of the United Kingdom and,2,0.31437210170512675,False,0.6843046,True,paper,False,,,,
news:248a73d4a86bce57,finance,news,rss:gnews:agentic payments,Mastercard: How AI Shopping Agents Will Reshape Payments - FinTech Magazine,2026-09-30,gnews:agentic payments,0.8186625,0.78868747,0.2875053973827994,news:bc59d4300a16c1cc,From top of wallet to top of model: how AI will reshape payments - The Paypers,0,0.3141267872891268,False,0.5784386,True,news,False,,,,
arxiv:2609.39820,finance,paper,arxiv,Learning from Runtime Feedback through Failure-Bank Self-Evolution for Vision-Language-Action Models,2026-09-30,all:bank AND (cat:cs.LG OR cat:cs.AI OR cat:cs.CR OR cat:cs.CL),0.8457947,0.8288797,0.21053951428512777,arxiv:2609.37681,ProAct-VLM: Pre-Failure Vision-Language Task Replanning with Continuous Perception Feedback,0,0.31301911312793684,False,0.49060377,False,paper,False,,,,
s2:f0f92e96b5edde87dea51b68103f1593ff0d96b8,finance,paper,semantic_scholar,The Legal Implications of Cryptocurrencies for Public Funds Protection and Financial Crime Prevention,2026-10-01,stablecoin,0.8757055,0.8459115,0.1213149094600259,s2:fa865b86351749e5e44a18f79eb955188131172d,Legal Framework for Cryptocurrency and Digital Assets: A Comparative International Perspective,1,0.3128921622033224,False,0.63352126,True,paper,False,,,,
arxiv:2610.01636,crossdomain,paper,arxiv,Autocatalysis and Boundary Stability in Chemical Reaction Systems,2026-10-01,cat:q-bio.MN AND submittedDate:[202610010000 TO 202610092359],0.85805595,0.8421305,0.17461177214814622,arxiv:2608.27201,A Structural Theory of Admissible Transitions in Biological Reaction Networks,0,0.31280512485694534,False,0.45515603,True,paper,False,,,,
arxiv:2610.01124,crossdomain,paper,arxiv,CortexBridge: Cortical Alignment of EEG Montages for Foundation Models,2026-10-01,cat:eess.SP AND submittedDate:[202610010000 TO 202610092359],0.84747636,0.81360245,0.2066465429623683,arxiv:2609.23924,Matched-Input Estimates Differ in Sign Across Architectures: Auditing EEG Foundation Models on Motor Imagery,0,0.31273112167517936,False,0.42979145,True,paper,False,,,,
s2:775a6850e09a99017c8a11bd93a0313625d35fda,finance,paper,semantic_scholar,Factors Influencing Customer Adoption of Mobile Banking Apps in Semi-urban Telangana: An Empirical Study,2026-09-30,financial inclusion digital payments,0.85912895,0.8483065,0.17252393685006978,s2:9488506f0f4bd778bc19946529aac6035c9612bb,Towards an Understanding of Consumer Adoption of Financial Technologies: Evidence from Open Banking in Pakistan,4,0.3125223017677071,False,0.70924604,True,paper,False,,,,
arxiv:2610.02003,crossdomain,paper,arxiv,Microscopic origin of the chiral pressure in a two-dimensional fluid,2026-10-01,cat:cond-mat.stat-mech AND submittedDate:[202610010000 TO 202610092359],0.8434647,0.7558359,0.21964306729743235,arxiv:2609.35984,Nonreciprocal Chiral Automata,1,0.3124907138503855,False,0.44437698,True,paper,False,,,,
arxiv:2609.38974,finance,paper,arxiv,RealWorldShop: Benchmarking and Improving Conversational Shopping Agents in Real-World E-commerce,2026-09-30,"all:""agentic"" AND (all:payment OR all:commerce OR all:finance)",0.871559,0.8465975,0.13624840442364156,arxiv:2608.09282,ComboShoppingBench: Evaluating LLM Agents for Budget-Constrained Basket Shopping with Coupons,0,0.3122686608035745,False,0.48322928,False,paper,False,,,,
s2:f9ebd4da0f7f4394f82a8980e1e9ac87fad65207,finance,paper,semantic_scholar,"Tokenisation in cross-border payments: Evaluating the regulatory, policy and technology trajectory",2026-09-01,central bank digital currency,0.86524135,0.8400756,0.1564177489041325,s2:3f30aee1571ec23f611791cf43070dc64ca410a3,"Tokenisation and the reconfiguration of capital market infrastructure : T+0 settlement, mathematical trust, and multi-cu",4,0.3119645363152267,False,0.71880585,True,paper,False,,,,
news:d236863c993c32d2,finance,news,rss:gnews:UPI fraud,Traders Call For ‘No UPI Day’ On October 2 Against Proposed 0.4% MDR On High-Value UPI Payments - Free Press Journal,2026-09-23,gnews:UPI fraud,0.74727285,0.724531,0.5115811594846007,news:0677086ea082c078,"UPI MDR kicks in October 15: RBI DG says merchant fee on payments above Rs 2,000 won’t trigger cash surge - inkl",0,0.31165010311896213,False,0.4620346,False,news,False,,,,
news:7020c5c5bdd967d6,finance,news,rss:gnews:tokenized deposits,Swift Builds Global Payment Rail Linking Fiat and Tokenized Deposits - finance.biggo.com,2026-09-30,gnews:tokenized deposits,0.8112803,0.75224686,0.3202225479471283,news:05b9ee35884e8095,IBM Connects Digital Asset Platform to Swift's Blockchain Ledger for Tokenized Deposits - BigGo Finance,0,0.31148411549658583,False,0.63092786,True,news,False,,,,
s2:ae2f93460828d887a715f35b98b6bdede189534f,finance,paper,semantic_scholar,Perceived ESG disclosure and credit decision-making orientation: The mediating role of intention to use sustainability information in an emerging market,2026-09-29,explainable credit risk,0.86558664,0.8445266,0.15790604236495312,s2:2bd8fd14566ce8b969916ca5ff70ea4248f7756a,"THE IMPACT OF ENVIRONMENTAL, SOCIAL, AND GOVERNANCE (ESG) ON BANKING FINANCIAL PERFORMANCE IN ASEAN",1,0.3113335403731172,False,0.64201593,True,paper,False,,,,
arxiv:2610.01300,finance,paper,arxiv,"A Systematization of Knowledge on DeFi Vaults: Architectures, Curation Mechanisms, and Strategy Design",2026-10-01,"all:""agentic"" AND (all:payment OR all:commerce OR all:finance)",0.8622178,0.81997633,0.16963706078001914,arxiv:2507.00978,Decentralised Multi-Manager Fund Framework,1,0.3109274266613795,False,0.62415624,True,paper,False,,,,
s2:e0fffa3a9eba009edd0d7ef91dd3d8e78e34040b,finance,paper,semantic_scholar,Digital Market Access and Women's Economic Agency in Pakistan: A Social Science Review of Gendered Constraints and Entrepreneurship Pathways,2026-09-01,financial inclusion digital payments,0.86157596,0.8317499,0.17380868871035546,s2:d6ee298bdecc01dc73c053adcfe523157f2ee3d7,"Digital Financial Inclusion, Women’s Economic Empowerment, and Income Inequality in Pakistan: Evidence from 2010-2025",1,0.31036588679000143,False,0.6908727,True,paper,False,,,,
arxiv:2610.02075,crossdomain,paper,arxiv,Universal Bound and Phase Transition in Many-Body Fermionic Non-Gaussianity,2026-10-01,cat:cond-mat.stat-mech AND submittedDate:[202610010000 TO 202610092359],0.85449505,0.8028469,0.20180911418424838,arxiv:2609.36008,Entanglement spectrum and magic in higher-dimensional free fermionic systems,2,0.30867643506172604,False,0.44485706,True,paper,False,,,,
arxiv:2610.01380,crossdomain,paper,arxiv,GPU-Initiated Communication: Dissecting Down to the Bone,2026-10-01,cat:cs.DC AND submittedDate:[202610010000 TO 202610092359],0.8644232,0.8405921,0.17521699044094513,arxiv:2609.37828,"Joint Effects of GPU Server Topology, Parallelism, and Congestion Control on MoE Inference: A Controlled Simulation Stud",2,0.30787835574898614,False,0.48479763,True,paper,False,,,,
s2:13af9f4cd9b6be6b1c09c3b6a87d300705383051,finance,paper,semantic_scholar,STABLECOINS AND SMART CONTRACTS IN THE EUROPEAN ECONOMY AND INNOVATION OPPORTUNITIES FOR COUNTRIES SEEKING ACCESSION TO THE EUROPEAN UNION,2026-09-30,stablecoin,0.88132274,0.8459157,0.13231157000889646,s2:6f142dd1955d466f3badb84a7cfa1637321fc350,Stablecoins and the state monetary system: criteria for legal demarcation and a regulatory model,2,0.3059300811687353,False,0.73387563,True,paper,False,,,,
s2:2a9461cd330b174d938af777b7937a0941a5df05,finance,paper,semantic_scholar,"Artificial Intelligence, Fintech, and Green Investment: Examining the Role of AI-Driven Climate-Risk Assessment in Sustainable Financial Decision-Making",2026-09-30,explainable credit risk,0.8682569,0.8519912,0.1723892003674299,s2:d138892e67e419ee1a5fda9fecbcef9e69ae3003,Mapping the Role of Artificial Intelligence and Machine Learning in Advancing Sustainable Banking,5,0.3057100348080448,False,0.6380298,True,paper,False,,,,
arxiv:2610.01677,crossdomain,paper,arxiv,From trends to optimized forecasts: Quantifying the skill and advancing the utility of dynamics-based early warnings for tipping events,2026-10-01,cat:physics.ao-ph AND submittedDate:[202610010000 TO 202610092359],0.8775112,0.8135772,0.14508019116678597,arxiv:2609.10378,Predicting tipping points: The many shades of non-equilibrium and catch-22s of early-warning,0,0.3055965646426907,False,0.5314053,True,paper,False,,,,
s2:3284e4d7613870c70968c38408ed2d195feb3180,finance,paper,semantic_scholar,Smart Parking Framework: Automatic Slot Allocation and In-Parking Guidance over DSRC-Based VANET Communication Infrastructure,2026-10-01,real-time payments,0.8418081,0.77395916,0.2526249370063176,s2:b03e310825e1d7223a5122685033697bfeb3ac2f,Enhancing Real-Time Smart Parking with IoT and QR-Based Access,0,0.3054877052435072,False,0.48093167,False,paper,False,,,,
arxiv:2610.01826,crossdomain,paper,arxiv,"Token Communication-Assisted Collaborative Embodied Artificial Intelligence: Concepts, Framework, and Opportunities",2026-10-01,cat:cs.MA AND submittedDate:[202610010000 TO 202610092359],0.88149226,0.8091591,0.13775049484746454,arxiv:2609.35936,"Embodied Semantic Communication for Collective Autonomous Agents: A Tutorial on Representation, Wireless Delivery, and C",0,0.3044431536471427,False,0.5125601,True,paper,False,,,,
s2:6b35bd99907f82abbe3da3627384c1012182b755,finance,paper,semantic_scholar,Analisa Hukum Regulasi Keuangan Digital Penerapan QRIS (Quick Response Code Indonesia Standard) di bank di Indonesia,2026-09-01,financial inclusion digital payments,0.85961246,0.8086127,0.2035475872469114,s2:ea5a0297a2d59de0515d02ac91a6854e91a33650,Legal Analysis of the Use of the Indonesian Standard Quick Response Code (QRIS) Banking Service as a Non-Cash Payment In,0,0.30440375450968327,False,0.645862,True,paper,False,,,,
s2:b9e14ed402ee5ac91223a49d68c10770db69aabb,finance,paper,semantic_scholar,Development of a machine learning model for loan default risk prediction in savings and credit cooperative organizations,2026-09-21,explainable credit risk,0.86685723,0.8491295,0.18299986709134033,s2:2632e711050b8ad6fe83e003f5640e265e0ff769,Explainable Machine Learning for Home Equity Line of Credit Risk Assessment: A Multi-Model Comparison with SHAP Interpre,1,0.3041071251308515,False,0.7067225,True,paper,False,,,,
arxiv:2610.00975,crossdomain,paper,arxiv,Recent increase in near-perpendicular tropical cyclone landfall fraction projected to emerge under high-emissions warming,2026-10-01,cat:physics.ao-ph AND submittedDate:[202610010000 TO 202610092359],0.8370257,0.79070044,0.27420519634462787,arxiv:2609.16521,A common warming-dependent decline emerges from divergent projections of tropical cyclone frequency,0,0.3036794095129336,False,0.47320548,True,paper,False,,,,
news:14ca3be060a2a3cd,finance,news,rss:gnews:agentic payments,Mastercard Deploys New Risk Insights to Support Agentic Payments - PYMNTS.com,2026-09-30,gnews:agentic payments,0.7577144,0.7216386,0.5122995498263986,news:fe2d717e2a1ba263,Mastercard Gets In on Agentic Payment Systems of the Future - Barron's,0,0.30363928967505316,False,0.5774042,True,news,False,,,,
pubmed:42818466,crossdomain,paper,pubmed,A neurocognitive speech taxonomy for voice biomarkers of Alzheimer's disease.,2026-09,voice biomarker detection,0.86790544,0.83594763,0.1825187913995136,pubmed:42731970,Artificial Intelligence-Related Voice and Speech Biomarkers of Alzheimer's Disease: A Systematic Review.,0,0.30344120878922076,False,0.45305124,True,paper,False,,,,
arxiv:2610.01111,crossdomain,paper,arxiv,Compartmental epidemiological models with infection-driven immune escape,2026-10-01,cat:q-bio.PE AND submittedDate:[202610010000 TO 202610092359],0.86696714,0.84271175,0.18625996047136942,arxiv:2609.21904,Compartmental Epidemiological Models: Discussing Fundamental Elements via the SIR Model,0,0.30320966856211984,False,0.4775507,True,paper,False,,,,
arxiv:2609.39382,finance,paper,arxiv,SkillFM: Generating Skills for LLM Agents via Latent Flow Matching,2026-09-30,all:bank AND (cat:cs.LG OR cat:cs.AI OR cat:cs.CR OR cat:cs.CL),0.86146057,0.83771574,0.20297298434277677,arxiv:2608.24747,SkillForge: Evolving Verifiable Skills for Reinforcement Learning Agents,0,0.30316135882610995,False,0.4484324,False,paper,False,,,,
s2:d97feb7cf328a15abb23e3df02230f6fe1c6ad7b,finance,paper,semantic_scholar,Beyond transaction borders: Tabular and graph-based machine learning for multi-domain financial crime detection,2026-09-26,anti-money laundering machine learning,0.87326276,0.8654792,0.17294100080640865,s2:b0626c2a9062d89c63c3d463ecca475330274c06,Coverage and Protocol-Aware Evaluation of Risk Enrichment and Graph-Tabular Learning for Anti-Money Laundering and Fraud,1,0.3018177073331879,False,0.68559694,True,paper,False,,,,
arxiv:2610.01537,finance,paper,arxiv,FedFit: Federated Fine-Tuning of LLMs via Vector-Bank Parameterization and Quantization,2026-10-01,all:bank AND (cat:cs.LG OR cat:cs.AI OR cat:cs.CR OR cat:cs.CL),0.8630734,0.804798,0.20487768872668682,arxiv:2609.36986,CF-LoRA: Decoupled Factor Aggregation and Adaptation-Aware Client Clustering for Federated LoRA Fine-Tuning,0,0.3014755064644159,False,0.5389256,True,paper,False,,,,
s2:0cb9624c196e462234234b577c338a7fca4f1161,finance,paper,semantic_scholar,Geofinance and Fragmentation: Wholesale Central Bank Digital Currencies,2026-09-29,central bank digital currency,0.86252767,0.8456801,0.2117407153789939,s2:22457add38e134b43f7385f9ec894256793e6458,"China's Digital Yuan and the Geopolitics of Monetary Power: CBDCs, Dollar Dominance, and the Future of Financial Statecr",2,0.30016905489701173,False,0.6986182,True,paper,False,,,,
s2:d473858609ca4f4a35524d1006ff5caab32ca43e,finance,paper,semantic_scholar,"Beyond borders, beyond rules: A practitioner’s perspective on the realities of financial crime compliance in cross-border payments",2026-09-01,real-time payments,0.8756245,0.84484017,0.17251716874987078,s2:354d20e3f3c85e9f42f4f7a96e9e7823761cac41,Transcending Rule-Based Compliance: The Impact of Artificial Intelligence on Anti-Money Laundering and Know Your Custome,3,0.30015233451388723,False,0.69725317,True,paper,False,,,,
arxiv:2609.39256,finance,paper,arxiv,Stochastic Knothe-Rosenblatt: Light-speed Calibration of Stochastic Local Volatility Models,2026-09-30,cat:q-fin.*,0.8423611,0.8299567,0.2817451683771369,arxiv:2609.04087,Global Multi-Maturity SPX-VIX Calibration Beyond Markovian Stitching,1,0.29779285867781047,False,0.5799878,True,paper,False,,,,
s2:b11805ed6f5ffea87e4680bb8df09e24aef18eb7,finance,paper,semantic_scholar,The truth behind cross-border payments: Frequently asked questions demystified,2026-09-01,financial inclusion digital payments,0.84593505,0.83170736,0.27192796622146576,s2:5d88d07e86aa8c8ad55e09641822189c895775a6,Towards the Holy Grail of Cross-Border Payments,3,0.29756673834117897,False,0.7590264,True,paper,False,,,,
news:406c6781f2cdc20d,finance,news,rss:ecb_press,Isabel Schnabel: Central banks on-chain,2026-10-01,ecb_press,0.74973613,0.7264563,0.5649664917661135,s2:31614b68a54c3906a78c797ffb242b1b75cb4d3a,"Blockchain-Enabled Central Bank Digital Currency: Technological Architecture, Privacy, and Institutional Design",1,0.296456264479126,False,0.5502172,True,news,False,,,,
news:7717079795a12ace,finance,news,rss:gnews:tokenized deposits,Oracle Links Banking Systems to SWIFT Ledger for 24/7 Tokenized Payments - BigGo Finance,2026-09-29,gnews:tokenized deposits,0.8408531,0.81082726,0.29491071854008244,news:327b142b3f7f894f,Oracle Integration with Swift's Ledger Helps Banks Connect Tokenized Deposit Infrastructures Across Institutions - PR Ne,2,0.29563252887633196,False,0.5868792,True,news,False,,,,
arxiv:2610.02522,crossdomain,paper,arxiv,Beaver: Elastic GPU Sharing between ML and Latency-Critical vRAN Workloads,2026-10-01,cat:cs.DC AND submittedDate:[202610010000 TO 202610092359],0.8726833,0.8164278,0.20209943709441247,arxiv:2609.35276,Weaver: A System for AI-RAN Compute Sharing with Foundation Model Training,1,0.29496267572624424,False,0.499665,True,paper,False,,,,
s2:d467bbecfc2aa74d76e1625f4b95dfeba22ae095,finance,paper,semantic_scholar,"Financial Literacy, Self-Control, Pay-Later Use, and Financial Management among University of Bengkulu Accounting Students",2026-09-30,explainable credit risk,0.8767428,0.8492578,0.19082613222979153,doi:10.37641/jimkes.v14i4.5524,"Fintech Lending, Consumer Behavior, and Financial Management Behavior: Moderating Effect of Financial Literacy",4,0.2947363966872726,False,0.6411967,True,paper,False,,,,
news:ac5afbe2d9d989bf,finance,news,rss:gnews:stablecoin bank,Open Standard's 'shared stablecoin' goes live - American Banker,2026-10-01,gnews:stablecoin bank,0.81625444,0.74256456,0.3755802653985926,news:046396f8715ac624,Open Standard's stablecoin business begins to take shape - americanbanker.com,0,0.2939140910218728,False,0.68079746,True,news,False,,,,
s2:a37767c895e432ba4ec67acdf04144d2ae36a5ce,finance,paper,semantic_scholar,Deepfake Enabled Financial Fraud and Consumer Trust in Digital Finance: Can Vulnerability–Trust–Resilience Framework Be Applied in the United States of America?,2026-09-30,deepfake financial fraud,0.8977509,0.8791876,0.13169947327563106,s2:2cec6cf8a646ec3fe80deb3ec37bb53218e0570a,A Multi-Layered Framework for Robust Real-Time Fraud Detection Against Deepfake Attacks in Digital Banking,1,0.29376193120730687,False,0.65736073,True,paper,False,,,,
s2:421306d70113af82414824f45b4ca27c32f7e647,finance,paper,semantic_scholar,Regulatory Perceptions of Central Bank Digital Currencies: A Qualitative Study of Financial Policy Stakeholders,2026-08-20,central bank digital currency,0.883795,0.87403107,0.1744099665715989,s2:ee5fedf69782aaeaf164735435734e5aa235cd4b,From Cryptocurrencies to CBDCs: A Scoping–Integrative Review Proposing a Digital Money Ecosystem Taxonomy (DMET),7,0.2935512411337421,False,0.69920623,True,paper,False,,,,
s2:165ad6e29e9392880a87e8ae5816962f11030b00,finance,paper,semantic_scholar,Analysis of the Effect of Capital Adequacy (CAR) and Intermediation Liquidity (FDR) on Net Operating Margin (NOM) Performance in Indonesian Islamic Banking,2026-09-28,bank run liquidity,0.8600942,0.830711,0.24559845850478532,s2:ef3fdcc8b6c73a7e87db0151082267d5cdf3ae6b,The Effect of Capital Adequacy and Credit Risk on The Financial Performance of PT BPR Kerta Raharja (Perseroda) with Loa,1,0.29352971333858635,False,0.6502736,True,paper,False,,,,
s2:d62b4dddb8e4e1be6d936ed95758cc7f4d8282d8,finance,paper,semantic_scholar,"Socio-Economic Determinants and Impact of Utilising Digital Financial Services Among Cocoa Farmers in Ondo State, Nigeria",2026-09-30,financial inclusion digital payments,0.88534105,0.859955,0.1706364649671776,s2:a0f4a24d2f8997ab556b094b800c39eb0642d1bf,SOCIO-ECONOMIC DETERMINANTS OF DIGITAL FINANCIAL INCLUSION IN NIGERIA,5,0.29333512738003176,False,0.7488452,True,paper,False,,,,
s2:b0001a73667e9ba0382ef0e422fe040fb4411b36,finance,paper,semantic_scholar,The Impact of Banking Risks on the Stability of Jordanian Commercial Banks An Applied Study on a Sample of Banks Listed on the Amman Stock Exchange (2011–2025),2026-09-08,explainable credit risk,0.86921954,0.8404791,0.22117573237436478,s2:ee5210c6b2e7e695689aa38a5656e5cb1d8ba6e0,"The impact of digital investment, cost efficiency, and risk profile on bank stability: Evidence from Jordanian banks",0,0.29279141074414683,False,0.6532391,True,paper,False,,,,
arxiv:2610.01835,crossdomain,paper,arxiv,Varda-single-1.0: deterministic data-driven weather forecasting at 1 km resolution over Switzerland's complex topography,2026-10-01,cat:physics.ao-ph AND submittedDate:[202610010000 TO 202610092359],0.8363305,0.8244712,0.32168789660417824,arxiv:2609.11230,KiloDA: Reconstructing kilometer-scale near-surface wind states from sparse station observations,1,0.2923301558805411,False,0.4581279,True,paper,False,,,,
news:e54fa6ef528a694a,finance,news,rss:gnews:tokenized deposits,Canada's Big Six Banks Begin Building Shared Institutional Deposit Token Platform - BigGo Finance,2026-09-22,gnews:tokenized deposits,0.84089816,0.8055849,0.3084596494218563,news:6b524912005f1389,'Big Six' Canadian banks join global push for commercial bank deposit tokenization - CoinDesk,1,0.29221144071765603,False,0.59020627,True,news,False,,,,
doi:10.32492/jj.v15i2.15206,finance,paper,crossref,Peran Otoritas Jasa Keuangan dalam Pengawasan Fintech Lending untuk Perlindungan Konsumen di Era Keuangan Digital,2026-9-30,fintech lending,0.88124484,0.8596795,0.18923497612639545,doi:10.21070/acopen.11.2026.14649,A Risk-Based Model for Evaluating the Oversight of Personal Data in Fintech Lending,1,0.29175764219124045,False,0.69325805,True,paper,False,,,,
s2:7b6591d26797c1312f58bebe2bd3631dac3bc3db,finance,paper,semantic_scholar,Digital Payment Ecosystems and Consumer Trust: Evidence from Rural India,2026-09-30,financial inclusion digital payments,0.89037406,0.87030774,0.16374782054192225,s2:ddb63697ad4a96bc5733bda685521b49d1a785db,Analyzing the Impact of Digital Payment Adoption (UPI/FinTech) on Rural Retailers and Agro-Traders,6,0.2912825263327201,False,0.73945844,True,paper,False,,,,
s2:27fa3e447855acbe197fb15d4ca278019dc7a13b,finance,paper,semantic_scholar,The Fraud Hexagon and Financial Statement Fraud: The Moderating Role of Independent Commissioners in Indonesian Banking Firms,2026-09-18,banking fraud detection,0.8392975,0.79593027,0.3199625202505855,s2:91621db3194bdc4faa8c5a35694a5311a9dee5f4,Detection Fraudulent Financial Reporting Using Hexagon Fraud Theory in the Banking Sector,0,0.29053627976553964,False,0.6758067,True,paper,False,,,,
s2:ee5f33087b44447937619c82be9f42e57cc29a3b,finance,paper,semantic_scholar,"""The Impact of Digital Transformation in Enhancing Financial Inclusion: A Case Study of North Africa Bank""",2026-09-30,financial inclusion digital payments,0.89111847,0.8769196,0.16731090721898095,s2:ddcb166345695c7546a30dc055aa135b3b8b4f6f,Digital Finance and Its Impact on Financial Inclusion and Economic Development,10,0.2898334379558444,False,0.77945065,True,paper,False,,,,
s2:f12a556ce4a34741152c5f362f5a6bd5f6bddcbe,finance,paper,semantic_scholar,"Adult Digital Financial Resilience in the Age of Social Engineering: Integrating Fraud Prevention, Secure Payments, and Informed Decision Making",2026-09-30,financial inclusion digital payments,0.89792377,0.85667104,0.1532744975321995,s2:a14864ee6a619461cffe4cf9b6cb7985878988e2,Beyond Compliance: Building Financial and Anti-Fraud Resilience in the Digital Economy,5,0.28823853504077823,False,0.7127359,True,paper,False,,,,
s2:c65381aa54cb92c549b3344a263f2047c89fb7e1,finance,paper,semantic_scholar,The Role of Digital Banking Innovations in Enhancing Customer Experience and Financial Performance: A Comprehensive Review,2026-09-27,real-time payments,0.8847193,0.8760646,0.1932512135485345,s2:5393dbc1e0d2f71d88a5edf696115cc4310d3f39,The Future of Banking Services in the Era of Digital Financial Ecosystems,8,0.28814772737077043,False,0.73042476,True,paper,False,,,,
gh:leger-dosage/archant,finance,repo,github,leger-dosage/archant,2026-09-16,open-banking,0.77290213,0.72216547,0.5311707618348087,gh:mattroshay/wealth-dashboard,mattroshay/wealth-dashboard,0,0.2875306814285048,False,0.59704274,True,news,False,,,,
news:91bd9c44f833c851,finance,news,rss:gnews:open banking rule,"Why bank unions deferred 3-day strike: Will banks open today? Key decisions on 5-day banking, all Saturday - The Economic Times",2026-09-28,gnews:open banking rule,0.77024853,0.73066866,0.5450686929261715,news:ba80ba0eaf45eb96,Bank strike: Will banks be open on September 26 and 27? What RBI and bank unions say - The Economic Times,1,0.2860463977447144,False,0.53565735,True,news,False,,,,
news:c27b81f4aac0810b,finance,news,rss:gnews:RBI digital payments,"October 2026 Financial Changes: RBI Policy, SBI ATM Rules, UPI MDR, LPG KYC and Tax Updates - Kalkine India",2026-09-30,gnews:RBI digital payments,0.81710196,0.7170524,0.40475955411195774,news:beb7c6d78c08789a,"5 rule changes from October 1: SBI ATM charges, MDR on UPI, bulk FD rates, KYC for LPG subsidy and more - The Economic T",0,0.28598364491164685,False,0.5509264,True,news,False,,,,
news:09c4b67256f2ea61,finance,news,rss:gnews:stablecoin bank,Fiserv’s stablecoin system starts - Payments Dive,2026-10-01,gnews:stablecoin bank,0.7947995,0.7284355,0.47434577992326055,news:8d575174d0791035,Stablecoins lose ground - Payments Dive,0,0.28531393992213894,False,0.6463436,True,news,False,,,,
news:aabe0d98cc1185ee,finance,news,rss:gnews:deepfake bank scam,AI Scam Costs Intesa Sanpaolo Millions in Fraudulent Transfers - Global Banking & Finance Review,2026-09-25,gnews:deepfake bank scam,0.84502834,0.8181311,0.32483564188140734,news:ccef4da50dc62c2f,"AI messaging scam costs Italy's top bank Intesa millions, sources say - Reuters",1,0.285019848818436,False,0.5890618,True,news,False,,,,
s2:3eb9498e6b43874758d38fa50a8baa63c8c7c483,finance,paper,semantic_scholar,RANCANG BANGUN SISTEM INFORMASI POINT OF SALE MULTI-CABANG BERBASIS WEBSITE PADA SOC MEDIA GROUP,2026-09-28,real-time payments,0.8217855,0.78696114,0.39754733048316976,s2:355e43b2d6724a233efb74c333f6a722e265d89f,Pengembangan Sistem Informasi E-Ticketing pada Armada Bus PO Harapan Kasih,0,0.28427402028829574,False,0.59800804,True,paper,False,,,,
s2:fd0e2ea40b4a41ae2c48ab1bddb35634f10d017f,finance,paper,semantic_scholar,Europe’s approach to meet the challenges and leverage the opportunities of the tokenisation of finance,2026-09-01,central bank digital currency,0.88377005,0.86029655,0.2149385281871818,s2:f8438a437b44d2122255f7988f1a22aa7eddace2,Stablecoins as private money: a policy agenda,3,0.2834378165883059,False,0.7684364,True,paper,False,,,,
s2:d14b442542ab9bd7d7d1ee15c0bae0b125d0154f,finance,paper,semantic_scholar,"Analysis of Digital Financial Inclusion and Financial Performance of Small and Medium Enterprises in West Pokot County, Kenya",2026-09-14,financial inclusion digital payments,0.8861194,0.87971514,0.21057477626636048,s2:a077f2d93910a078fc6928ab7a991ef932b82d4f,DIGITAL FINANCE AND FINANCIAL RESILIENCE OF SMES IN KENYA: THE MEDIATING ROLE OF ACCESS TO FINANCE,8,0.28276672205966114,False,0.7614687,True,paper,False,,,,
news:d0773218f5002113,finance,news,rss:gnews:post-quantum banking,"For banks, quantum computing is both a threat to security and a chance to build resilience - The World Economic Forum",2026-09-10,gnews:post-quantum banking,0.79849964,0.77916133,0.4743177898992889,s2:4a1b2db2f5bac5a71cc1e518a21bbd3e96baf636,The impact of quantum computing on the stability of the banking sector in the conditions of extraordinary events,0,0.2825458047720345,False,0.54058385,True,news,False,,,,
s2:808e5cb621728928c1682acb3e564f956a01cd45,finance,paper,semantic_scholar,The Detection Arms Race: A Multimodal Survey of Deepfake Forensics from Pixels to Phonemes,2026-09-30,synthetic identity fraud,0.904792,0.89190733,0.1637290534731073,s2:517687d984405b9f9ac03090423da28ef43378cc,DeepDetect: Full-Stack Multimodal Deepfake Analysis Platform,1,0.2804737434447725,False,0.56863767,True,paper,False,,,,
s2:665fe2dc60b4516e540c36916adccf2c79647fd3,finance,paper,semantic_scholar,Big Data and Artificial Intelligence for Fintech Innovation Systematic Literature Review,2026-09-29,explainable credit risk,0.8871871,0.8712409,0.21842529329704843,s2:84946f85573ba4ac085df765353c261618b13333,"Artificial Intelligence in Finance: A Systematic Review of Applications, Challenges, and Future Research Directions (201",5,0.2800033043994318,False,0.6515688,True,paper,False,,,,
s2:1fab1e96f4584d550564fef74952b87446beee26,finance,paper,semantic_scholar,"The Civil Law Nature and Regulation of National Digital Currencies in Russia, the USA, and the UAE",2026-09-01,central bank digital currency,0.87625414,0.8683287,0.25495522955422023,s2:715c05f8e9f21ad2a8672edcd53066e274fdec05,The Legal Finality of Settlements Using Cryptocurrencies and Central Bank Digital Currencies: A Comparative Legal Analys,2,0.2790705717122445,False,0.65098745,True,paper,False,,,,
s2:66cacd6595206d204baefbe93de96472d268ad09,finance,paper,semantic_scholar,Optimalisasi Kinerja Keuangan UMKM Medan Dimoderasi Tingkat Pendidikan,2026-10-01,financial inclusion digital payments,0.9025203,0.88725555,0.18098897951841025,s2:406ecda01bc8089c52ffb208ad040061850f608d,The Impact of Financial Inclusion and Digital Payments on MSME Financial Management Behavior in Semarang: Mediating Role,4,0.27786250109970656,False,0.71478605,True,paper,False,,,,
pubmed:42824227,crossdomain,paper,pubmed,Evidence for early and late prediction error-associated ERP responses during probabilistic cueing.,2026-09,predictive coding brain prediction error,0.8801434,0.85476094,0.24857838202009705,pubmed:42389047,An event-related potentials account of brain predictive coding.,1,0.2777478514897572,False,0.49397853,True,paper,False,,,,
arxiv:2610.00165,finance,paper,arxiv,"Outcome Determination and Settlement Finality on Kalshi: Public State Paths, Prospective Measurement, and Empirical Identification",2026-09-15,cat:q-fin.*,0.8460218,0.82287514,0.35172391609639597,arxiv:2609.16642,From Public Evidence to Contractual Outcome: First and Stable Decidability on Kalshi,2,0.2775526626003517,False,0.6210223,True,paper,False,,,,
pubmed:42819235,crossdomain,paper,pubmed,Evaluating the compatibility of predictive coding as a model of linguistic predictability effects in reading.,2026-09,predictive coding brain prediction error,0.8963338,0.8594285,0.2044260587154305,pubmed:42601047,Extending a Formal Model of Predictive Coding to Human Spoken Word Recognition.,1,0.27664309526834696,False,0.48761734,True,paper,False,,,,
s2:7799d373ae3943d3b63c50d440921d97f0d12400,finance,paper,semantic_scholar,"Programmable Central Bank Digital Currency in India: A Theoretical Framework for Balancing Digital Governance, Financial Inclusion and Financial Autonomy",2026-09-30,central bank digital currency,0.8983602,0.8899733,0.20101357460318856,s2:43aa3109c539c9a5e056cde294c04c4f4d8eb19f,"A Study on Central Bank Digital Currency (CBDC) and Unified Payments Interface (UPI): Eco-Friendly, Innovative Digital F",4,0.2759764766685693,False,0.7408952,True,paper,False,,,,
arxiv:2610.01190,crossdomain,paper,arxiv,Rapid mixing of quantum spin chains at any finite temperature,2026-10-01,cat:cond-mat.stat-mech AND submittedDate:[202610010000 TO 202610092359],0.865988,0.81942445,0.30274944776126955,arxiv:2609.35973,One-dimensional quantum Gibbs states in constant circuit depth,1,0.27482162596327764,False,0.3972196,True,paper,False,,,,
news:ab20fcbfb7e5c507,finance,news,rss:gnews:stablecoin bank,"The battle for the future of money: stablecoins, tokenised deposits, CBDCs or something else? - Chris Skinner's blog",2026-10-01,gnews:stablecoin bank,0.8079385,0.78661156,0.4816296213669178,s2:9c916737db0e601e350e29750871d476114af8b2,"The Contest Between Central Bank Digital Currencies, Stablecoins and Tokenised Deposits: Which Will Likely Win, and Why?",0,0.27363872245444365,False,0.7182987,True,news,False,,,,
s2:9ece3b6d439ef4f234c26c035714981accabdfee,finance,paper,semantic_scholar,A Review of Traditional and Machine Learning Approaches in Loan Default and Fraud Detection,2026-09-30,explainable credit risk,0.9132669,0.8877983,0.16616715800729015,s2:cd2b8f77e39e9448986a562f13229ebc4474f7d6,An Extensive Survey of Data Mining Methods and their New Applications in Loan Default Detection: Challenges and Future R,3,0.2735080375970239,False,0.7196856,True,paper,False,,,,
s2:2c8abe6dabeb3b16cd210d7a705321e5dcc37b17,finance,paper,semantic_scholar,"Financial Risk Management Using Artificial Intelligence: Applications, Innovations, and Challenges",2026-09-30,explainable credit risk,0.9075024,0.9016466,0.18375808708712757,s2:d7fe4851a071f0e8c6a28f26e4075398cec90093,"Artificial Intelligence in Financial Risk Management: A Systematic Review of Applications, Performance, and Challenges",5,0.2734336686312028,False,0.62769014,True,paper,False,,,,
arxiv:2610.03793,finance,paper,arxiv,Optimal Catastrophe Bond Design and its Applications to Climate Change Risk,2026-09-30,cat:q-fin.*,0.8994427,0.80513537,0.21573832038697593,arxiv:2609.22052,Design and pricing of a transparent parametric-modeled loss CAT bond: application to German windstorm,1,0.27148341535613685,False,0.6079453,True,paper,False,,,,
s2:841b5b48c953e6f1fb02cb8c47d86d9eb0a6badb,finance,paper,semantic_scholar,КОНКУРЕНТОСПОСОБНОСТЬ БАНКОВСКИХ ПРОДУКТОВ В УСЛОВИЯХ ВНЕДРЕНИЯ CBDC: ДЕПОЗИТНО-РАСЧЕТНЫЙ СЕГМЕНТ И СЦЕНАРИИ ДЕЗИНТЕРМЕДИАЦИИ,2026-09-23,central bank digital currency,0.8391635,0.7946178,0.3995207322270721,s2:a74afe119c030c89a311867d0a1e6054a3fdf5b9,Цифровые платежные сервисы Банка России и ликвидность кредитных организаций: зарубежный опыт и российская практика,1,0.2707472202025093,False,0.45434457,False,paper,False,,,,
gh:Ak-Zx/Data-Science-project,finance,repo,github,Ak-Zx/Data-Science-project,2026-09-13,fraud-detection,0.8417326,0.8259306,0.40059338375322295,s2:0173aaafe5c06b619ed1a7d4a1e7bc2b3348d96b,Credit Card Fraud Detection using Machine Learning Algorithms,0,0.26855215836467283,False,0.67307985,True,news,False,,,,
s2:7ead4149a90ef66a8a554f3f1a6086bc0e7bd3b3,finance,paper,semantic_scholar,Tecnologías financieras (Fintech) y emprendimiento sostenible: oportunidades de inclusión y crecimiento empresarial en la economía digital,2026-09-30,financial inclusion digital payments,0.90195495,0.87213594,0.2226981515119855,s2:87b9be1a7d281748c37fde8874ded0506f6b31a2,Inclusión financiera de microempresas: avances y desafíos en la era digital,5,0.26785923554424484,False,0.773484,True,paper,False,,,,
news:f4259074249b4dfb,finance,news,rss:gnews:tokenized deposits,IBM Expands Its Digital Banking Infrastructure with Swift Integration and Digital Asset Haven On-Premises - TradingView,2026-09-24,gnews:tokenized deposits,0.8140043,0.78690815,0.49034522247630824,news:e16999943ab91fce,IBM Connects Digital Asset Haven to Swift Blockchain Ledger for Tokenized Deposit Transactions: 12 outlets compared - Ne,0,0.2669104976646144,False,0.59467924,True,news,False,,,,
s2:52f0556d1a499548fb7029516961b8dbd6617025,finance,paper,semantic_scholar,"PENGARUH BOPO, CAR, DAN NPL TERHADAP ROA DENGAN FDR SEBAGAI VARIABEL INTERVENING PADA BPR KONVENSIONAL WILAYAH OJK SEMARANG",2026-09-25,explainable credit risk,0.87355226,0.86748886,0.31955053221842633,s2:cb1204fe3bf0067bc17a9fcea2f8a292eedcd1d5,"Effect of Performing Loan, Intermediation Function, and Operational Efficiency on Banking Profitability (Case Study at P",1,0.26494818475926674,False,0.57879514,True,paper,False,,,,
news:971283757ff856d5,finance,news,rss:gnews:tokenized deposits,Quant Network Explained: The Interoperability Network Behind The Clearing House's Tokenized Deposit Future - https://genfinity.io/,2026-09-29,gnews:tokenized deposits,0.7953632,0.7724926,0.5568864356031518,news:59c05bcd7a43ce12,The Clearing House selects Quant for tokenized deposit interoperability - ledgerinsights.com,0,0.2642560002567743,False,0.60101223,True,news,False,,,,
s2:76d98e75e1403061d89d3a9f1dae43020fa6ddf8,finance,paper,semantic_scholar,The Potential of Neobanks in Expanding Financial Inclusion in Ukraine,2026-09-30,open banking,0.9212356,0.8641445,0.18147713430421275,s2:673c0146b859a13d126c43146a4e9dc09e61a7e9,"NEOBANKS AS AN INNOVATIVE MODEL IN THE BANKING SERVICES MARKET: GLOBAL EXPERIENCE, UKRAINIAN PRACTICE, PROSPECTS OF DEVE",6,0.26370398579116483,True,0.7214563,True,paper,False,,,,
s2:36a82361da2f2b7087acfe748177ad49eaddfa29,finance,paper,semantic_scholar,From Awareness to Financial Inclusion: Examining the Adoption Pathway of Digital Payment Systems and Mobile Money Among Farmers in Cross River State,2026-09-28,financial inclusion digital payments,0.92050856,0.9007527,0.19059612732484008,s2:6851fcd0a0212abb608d336f511437b4a901255f,MOBILE MONEY ADOPTION AND RURAL INCLUSION: EXPLORING HOW MOBILE PAYMENT PLATFORMS ARE TRANSFORMING FINANCIAL ACCESS IN R,13,0.261969560431058,True,0.79073626,True,paper,False,,,,
news:43072371b7469b8d,finance,news,rss:gnews:stablecoin bank,Lloyds and Visa Speed Up Cross-Border Payments With Stablecoin Settlement - PYMNTS.com,2026-09-30,gnews:stablecoin bank,0.8628964,0.7536117,0.3792070836472927,news:c8e4647c04907578,Visa and Lloyds complete live trials of stablecoin settlement,0,0.25802595688282404,False,0.6237775,True,news,False,,,,
arxiv:2610.01950,crossdomain,paper,arxiv,MoE-CORE: Coordinated Expert Offloading and Residency for Memory-Constrained MoE Inference,2026-10-01,cat:cs.DC AND submittedDate:[202610010000 TO 202610092359],0.8796474,0.8530157,0.3293696124570763,arxiv:2609.33385,OLED-MoE: Accelerating MoE-Based dLLM Inference via Inter-Iteration Locality-Aware Expert Offloading,1,0.2579220364685556,False,0.49931204,True,paper,False,,,,
s2:e2b10cafa5994eb5d943f9a353af55a267a649ee,finance,paper,semantic_scholar,DECISION INTELLIGENCE FRAMEWORK INTEGRATING BIG DATA ANALYTICS FOR ENTERPRISE FINANCIAL RISK MANAGEMENT UNDER SAUDI VISION 2030,2026-09-30,explainable credit risk,0.88559175,0.8403942,0.3163725260003623,s2:64ccde144498bf917df7808cf31a55064294d82e,AI-Enabled Advanced Decision Intelligence Framework for Optimizing Credit Risk Management in Saudi Enterprises,2,0.25671305946746925,False,0.63888603,True,paper,False,,,,
news:b2b64396bdedb66c,finance,news,rss:gnews:agentic payments,Mastercard adds AI agent trust services to Agent Pay - The Paypers,2026-10-01,gnews:agentic payments,0.82951516,0.7857899,0.5026108164568089,news:dc4cba4bbf564bd1,Alchemy adds Mastercard Agent Pay to AgentCard - The Paypers,1,0.2522109414393866,False,0.5357363,True,news,False,,,,
news:42eddb21515afc26,finance,news,rss:ecb_press,Christine Lagarde: Where AI risks meet,2026-10-01,ecb_press,0.8056198,0.73579276,0.5813434404257424,news:85f2aef43dea8fea,"Christine Lagarde: A new age of capital: growth, sovereignty and AI",0,0.25044929280570427,False,0.48009747,False,news,False,,,,
arxiv:2610.00183,finance,paper,arxiv,"Two Models of Event Finality: Functional Alignment, Contestability, and Empirical Comparability on Polymarket and Kalshi",2026-09-17,cat:q-fin.*,0.8906624,0.8529164,0.330039607385311,arxiv:2609.15373,"Resolution Is Not Settlement, Part II: Protocol Finality and Observed Redemption on Polymarket",2,0.24949333397062778,False,0.60910624,True,paper,False,,,,
arxiv:2610.00173,finance,paper,arxiv,"Price Discovery at the Boundary of Contractual Decidability: Terminal-Value Gaps, Trading Availability, and Venue Finality on Kalshi",2026-09-16,cat:q-fin.*,0.88993853,0.83019847,0.3426935489511734,arxiv:2609.16642,From Public Evidence to Contractual Outcome: First and Stable Decidability on Kalshi,2,0.24687272768377644,False,0.6111537,True,paper,False,,,,
news:3571e4d193b6592e,finance,news,rss:gnews:tokenized deposits,Quant Jumps 36% After Clearing House Picks It for Tokenized Deposits - CoinMarketCap,2026-09-25,gnews:tokenized deposits,0.8445559,0.797986,0.4895174141072077,news:97e4926698bcc5b1,Quant Price Surges After Clearing House Tokenized Deposit Deal - Altcoin Buzz,0,0.2442036957705308,False,0.60763574,True,news,False,,,,
s2:3052f805be7a029b0f243445067b5f8c87242ba9,finance,paper,semantic_scholar,Inklusi Keuangan dalam Perilaku Pengelolaan Keuangan: Peran Literasi Keuangan dan Sistem Pembayaran Digital,2026-09-01,financial inclusion digital payments,0.9007376,0.88392943,0.3232391111931731,doi:10.37641/jimkes.v14i4.5524,"Fintech Lending, Consumer Behavior, and Financial Management Behavior: Moderating Effect of Financial Literacy",7,0.2436370195726174,False,0.76074374,True,paper,False,,,,
news:5ac599be7cf5fcc5,finance,news,rss:gnews:UPI fraud,"Fake hospital booking apps threaten UPI accounts, Kerala Police warn - Tech Observer Magazine",2026-09-21,gnews:UPI fraud,0.8784476,0.81079024,0.4116224950709763,news:2e75fa5bb2860c87,Kerala Police Issue Advisory Against Fake Hospital Appointment App Scam Targeting UPI Users - LatestLY,0,0.23825866713725474,False,0.50939125,False,news,False,,,,
news:08500855a678d999,finance,news,rss:gnews:tokenized deposits,Six of Canada's Largest Banks Launch Joint Push Into Tokenized CAD Deposits - Briefs Finance,2026-09-22,gnews:tokenized deposits,0.85327035,0.8369976,0.5004605796706629,news:6c9125e02971e1bf,Canada's biggest banks team up on tokenized deposits - American Banker,4,0.23493207626611112,False,0.5588267,True,news,False,,,,
news:ce3356bdc1bf8fd4,finance,news,rss:gnews:bank fraud AI,Bank of America warns AI shopping bots could expose you to fraud - Yahoo Tech,2026-09-22,gnews:bank fraud AI,0.88620293,0.88291854,0.43483005820117515,news:0ca37d150a5c4169,"Banks warn AI shopping bots raise scam, fraud and data-privacy risks - AOL.com",2,0.22664025709429847,False,0.6167169,True,news,False,,,,
news:32f7fd46cfd9a9b4,finance,news,rss:gnews:bank fraud AI,"Feedzai launches Farol, an AI agent to speed up fraud investigations - Brief IA",2026-09-29,gnews:bank fraud AI,0.89061004,0.8375427,0.43311386072339564,news:c78bc57b5d449ab6,Feedzai Launches Farol: How Agentic AI for Fraud is Automating Bank Risk Operations - FF News,0,0.22376399049236884,False,0.53527737,True,news,False,,,,
s2:cd5d86ea583f7fbc65c64e9b7be611b3a2dcd49b,finance,paper,semantic_scholar,Leveraging Digital Financial Technologies for Sustainable Rural Entrepreneurship in India: An Analytical Study Using Secondary Data,2026-09-28,financial inclusion digital payments,0.9210818,0.9025439,0.34797201308963255,s2:0998dee3e9cbe7b4c854b7e3ce1872923c0c902a,"Digital Financial Inclusion and Sustainable Growth of Women-Led MSMEs in India: Challenges, Opportunities, and Policy Im",14,0.22219566068709506,True,0.79063123,True,paper,False,,,,
news:c891e0c47b996a3a,finance,news,rss:gnews:tokenized deposits,Canada's Biggest Banks Explore Tokenized Deposit System - CoinMarketCap,2026-09-23,gnews:tokenized deposits,0.8755375,0.845935,0.49172579956889195,news:5b70291774f8c639,Canada's Largest Banks Look to Develop Tokenized Deposits - Yahoo Finance,2,0.22041538429051633,False,0.62082374,True,news,False,,,,
arxiv:2610.01585,finance,paper,arxiv,Distribution-constrained maximum stopping of maximum type,2026-10-01,cat:q-fin.*,0.8663914,0.8036419,0.5445236450642449,arxiv:2608.27374,Distribution-constrained optimal multiple stopping: the Root-type solution,0,0.21407552346065384,False,0.5595344,True,paper,False,,,,
news:3733fd4f1c6bde52,finance,news,rss:gnews:instant payments fraud,"SEON partners with Thailand’s DeeMoney for real-time fraud, AML protection - FutureCFO",2026-10-01,gnews:instant payments fraud,0.8756352,0.72949684,0.5185342085714181,news:e1434092761098c3,"DeeMoney, Thailand’s Leading Cross-Border Payments Fintech, Selects SEON for Real-Time Fraud and AML Protection - The Ma",1,0.21364002793145576,False,0.5961519,True,news,False,,,,
s2:afaa6ae820fa2c6b4648263934ac0b4bea91852f,finance,paper,semantic_scholar,РАЗВИТИЕ СИСТЕМЫ ГОСУДАРСТВЕННОГО ФИНАНСОВОГО МОНИТОРИНГА В БАНКОВСКОМ СЕКТОРЕ РОССИИ В УСЛОВИЯХ ЦИФРОВОЙ ТРАНСФОРМАЦИИ: ИНСТИТУЦИОНАЛЬНОЕ ВЗАИМОДЕЙСТВИЕ И СТРАТЕГИЧЕСКИЕ ПРИОРИТЕТЫ,2026-09-23,open banking,0.9265707,0.8840267,0.3676342780956208,s2:72b33a3d4576c44a50052185311dd246d54ba53d,Сравнительный анализ доходности и рисков инвестиционных инструментов доступных физическим лицам в условиях цифровой тран,1,0.21316338043489602,True,0.45421252,False,paper,False,,,,
news:c2c6f35d5a38f141,finance,news,rss:gnews:agentic payments,Sibos 2026: Agentic payments take centre stage on day three - FinTech Futures,2026-10-01,gnews:agentic payments,0.8226093,0.7481052,0.6907768889543396,news:936f1249412a2bc3,"Sibos 2026 preview: AI, tokenised money and the ledger take the stage - The Fintech Times",0,0.21034882852740633,False,0.6009671,True,news,False,,,,
news:40045e973fd8c37d,finance,news,rss:gnews:post-quantum banking,BTQ Technologies to Bring Post-Quantum Security to LINE NEXT's Unifi Wallet Under Commercial Agreement with Kaia DLT Foundation - PR Newswire,2026-09-30,gnews:post-quantum banking,0.82695115,0.7250367,0.6863460383312446,news:5b52b0be0f240070,BTQ Signs Three-Year Deal to Bring Post-Quantum Security to Kaia DLT Foundation - The Quantum Insider,1,0.20820010102052133,False,0.5346948,True,news,False,,,,
arxiv:2609.38230,finance,paper,arxiv,Basket implied volatility skew and stickiness,2026-09-28,cat:q-fin.*,0.88682973,0.8314991,0.5182120782383776,arxiv:2609.11586,Short-maturity skew stickiness ratio under local volatility,1,0.20532470985629914,False,0.61213374,True,paper,False,,,,
arxiv:2610.01424,crossdomain,paper,arxiv,DRL-driven RAN Slicing Management: A V2X-oriented Approach In Multi-service Scenarios,2026-10-01,cat:cs.NI AND submittedDate:[202610010000 TO 202610092359],0.93179584,0.80929327,0.3863613391295331,arxiv:2609.27659,A DRL-Driven Optimization of RAN Slice Resource Partitioning for V2X SLA Compliance in 5G Networks,0,0.20456278859637034,True,0.46290925,True,paper,False,,,,
news:34aecda3098bfb2a,finance,news,rss:gnews:stablecoin bank,Citigroup Deepens Stablecoin Push With Expanded Coinbase Tie-Up - TradingView,2026-09-29,gnews:stablecoin bank,0.9367603,0.85968864,0.37766154032959376,news:3ad9dfb85e31bea2,Coinbase Deepens Citi Tie-Up to Scale Stablecoin Payments - TradingView,0,0.2030144149511709,True,0.64642936,True,news,False,,,,
news:2938fc0512ef3fab,finance,news,rss:gnews:open banking rule,"5 money rule changes from October 2026: Bulk FD rates, UPI MDR starts above Rs 2,000, SBI ATM free limit - The Times of India",2026-09-30,gnews:open banking rule,0.8507268,0.7719475,0.6583419969802463,news:beb7c6d78c08789a,"5 rule changes from October 1: SBI ATM charges, MDR on UPI, bulk FD rates, KYC for LPG subsidy and more - The Economic T",0,0.1973694281993964,False,0.5439957,True,news,False,,,,
news:9776d6b1568f1325,finance,news,rss:gnews:instant payments fraud,Global Fraud Losses Hit ₹42.25 Lakh Crore as AI Changes the Game - The420.in,2026-09-14,gnews:instant payments fraud,0.8952321,0.7430642,0.5283929701383929,news:b7be5095a106641a,​Global Financial Fraud Losses Exceed Rs 36 Lakh Crore as AI Lowers Scam Costs - The420.in,0,0.19647772620777237,False,0.53689426,True,news,False,,,,
news:1ec86252980ff862,finance,news,rss:gnews:tokenized deposits,Canada’s Six Largest Banks to Test Tokenized Deposits - ForkLog,2026-09-23,gnews:tokenized deposits,0.8689056,0.83784735,0.6523534075848624,news:afd9d42baf902500,Canada’s six largest banks explore tokenized Canadian dollar deposits - TradingView,2,0.1852324302883852,False,0.5881895,True,news,False,,,,
news:9c0adfd2a3168b51,finance,news,rss:gnews:stablecoin bank,HSBC Unveils RedCoin Stablecoin Ahead of Major Hong Kong Launch - Bitcoin Foundation,2026-09-30,gnews:stablecoin bank,0.90137994,0.75348055,0.5915465434709489,news:20fbd669b842894d,"HSBC prepares for the launch of HK$-backed stablecoin, RedCoin",0,0.17607843676409873,False,0.6548631,True,news,False,,,,
news:046fe2000376f0b9,finance,news,rss:gnews:instant payments fraud,AI is supercharging money scams - The Washington Post,2026-09-15,gnews:instant payments fraud,0.8606278,0.8035142,0.7401591072018329,news:bdc49a1a0611113e,AI is supercharging money scams -- here's how to protect yourself - upi,0,0.1694893655793025,False,0.56085986,True,news,False,,,,
doi:10.31004/riggs.v5i2.12750,finance,paper,crossref,"Analisis Pengaruh Non Performing Loan (NPL), Loan To Deposit Ratio (LDR), Dan Capital Adequacy Ratio (CAR) Terhadap Kinerja Keuangan Pada Bank Bumn Yang Terdaftar Di Bei Periode 2020-2025",2026-7-31,bank deposit run digital,0.9078101,0.890426,0.5987504444486781,doi:10.31004/riggs.v5i2.13328,Pengaruh Non Performing Loan dan Biaya Operasional Perusahaan dan Loan to Deposit Ratio terhadap Profitabilitas pada PT ,0,0.16945484971088953,False,0.62887025,True,paper,False,,,,
news:d893467864034b26,finance,news,rss:gnews:tokenized deposits,Tech giant Oracle integrates with Swift blockchain ledger to connect banks’ tokenized deposits - Cryptonews.net,2026-09-28,gnews:tokenized deposits,0.9192487,0.86451006,0.6056632471793822,news:327b142b3f7f894f,Oracle Integration with Swift's Ledger Helps Banks Connect Tokenized Deposit Infrastructures Across Institutions - PR Ne,2,0.15914763329640202,False,0.63167214,True,news,False,,,,
news:e31f627b977b9e62,finance,news,rss:gnews:RBI digital payments,"RBI backs MDR on large-value UPI transactions, says users will pay no fee - Business Standard",2026-09-16,gnews:RBI digital payments,0.90554297,0.8584835,0.6739459753651166,news:ef5b686d078f5a46,"RBI backs MDR on large-value UPI transactions, says could help expand UPI acceptance - The Economic Times",1,0.15235624907864276,False,0.54420006,True,news,False,,,,
news:6d89dab3bd8d0721,finance,news,rss:gnews:UPI fraud,"BHIM MyUPI payments launched: 9 services users can access at one place, from checking transactions to mana - The Economic Times",2026-09-23,gnews:UPI fraud,0.8811182,0.7622856,0.7623778276640363,news:30039c51ebe1ea60,BHIM MyUPI payments launched: 9 services users can… - inkl,0,0.14856693911060226,False,0.5359345,True,news,False,,,,
news:9f8977a6cfc2756b,finance,news,rss:gnews:post-quantum banking,BTQ and Kaia DLT Foundation Sign Three-Year Post-Quantum Stablecoin Security Agreement - News and Statistics - IndexBox,2026-09-30,gnews:post-quantum banking,0.927029,0.6929209,0.6434707290637831,news:5b52b0be0f240070,BTQ Signs Three-Year Deal to Bring Post-Quantum Security to Kaia DLT Foundation - The Quantum Insider,1,0.14386058731108053,True,0.54763794,True,news,False,,,,
news:3acc9f4f3a0e11c3,finance,news,rss:gnews:stablecoin bank,Jeeves raises $110M to scale stablecoin-native banking platform for global payments - SiliconANGLE,2026-09-30,gnews:stablecoin bank,0.91341764,0.7493714,0.7324493762404648,news:2ce0cd54fe32e343,Jeeves raises $110m for stablecoin banking platform,0,0.1318244130275913,False,0.662458,True,news,False,,,,
news:7b6770ba257d504d,finance,news,rss:techcrunch_fintech,3 days left to exhibit: Turn visibility into your next opportunity at TechCrunch Disrupt 2026,2026-09-30,techcrunch_fintech,0.92719823,0.89830256,0.6976284373754351,news:57006c83630b7893,2 days left to exhibit at TechCrunch Disrupt 2026,0,0.13019420233979595,True,0.47458363,False,news,False,,,,
news:5560a742e4c3a770,finance,news,rss:gnews:tokenized deposits,UK Banks Complete First Interbank Transactions Using Tokenised Deposits - CryptoRank,2026-09-24,gnews:tokenized deposits,0.9511691,0.9006384,0.6257962088420607,news:b86638d90d92a0d8,UK Banks Make History With First Interbank Transactions Using Tokenized Deposits - CryptoRank,1,0.13017412770205194,True,0.65274817,True,news,False,,,,
news:f41abaabfce84147,finance,news,rss:gnews:bank fraud AI,Intesa’s private banking arm hit by €95m voice AI scam – report - Yahoo Finance,2026-09-28,gnews:bank fraud AI,0.9115013,0.82866895,0.8277364686353517,news:f21e377e214a10a1,Intesa’s private banking arm hit by voice AI scam – report - Private Banker International,0,0.10943994633298337,False,0.5304913,True,news,False,,,,
news:18d70951bfaebdc2,finance,news,rss:gnews:agentic payments,Worldline launches UCP payment handler for agentic commerce payments - Yahoo Finance,2026-09-15,gnews:agentic payments,0.92582965,0.74752796,0.8097648037447363,news:ff40150a94b8a499,Worldline launches UCP payment handler for agentic commerce payments - Electronic Payments International,0,0.10318656233514778,True,0.57464206,True,news,False,,,,
gh:BoatswainBrace/Ghostfolio-Open-Source-Wealth-Management-Software,finance,repo,github,BoatswainBrace/Ghostfolio-Open-Source-Wealth-Management-Software,2026-09-10,fintech,0.8634509,0.7073061,1.0000000000000002,gh:PortalExpose/Ghostfolio-Open-Source-Wealth-Management-Software,PortalExpose/Ghostfolio-Open-Source-Wealth-Management-Software,2,0.10241186618804932,False,0.52085155,True,news,False,,,,
gh:ishandutta2007/Awesome-Digital-Banking-Platform,finance,repo,github,ishandutta2007/Awesome-Digital-Banking-Platform,2026-10-01,open-banking,0.94751954,0.773602,0.7625379759784444,gh:ishandutta2007/Awesome-Open-Banking-Platform,ishandutta2007/Awesome-Open-Banking-Platform,0,0.09872585041533155,True,0.60882795,True,news,False,,,,
news:2ea7ec20d7b18232,finance,news,rss:gnews:tokenized deposits,UK banks make first interbank transactions using tokenised deposits - AOL.com,2026-09-23,gnews:tokenized deposits,0.9215473,0.8932141,0.841105711937333,news:902d660d53e6efa3,UK banks make first interbank transactions using tokenised deposits - Reuters,1,0.0985631315707205,True,0.6437422,True,news,False,,,,
news:e522e161224e1fbf,finance,news,rss:gnews:RBI digital payments,India to pitch RBI backed cross-border digital currencies for BRICS payments - India Shipping News,2026-09-11,gnews:RBI digital payments,0.9339015,0.76842344,0.8161369202150937,news:da6efc88dce47df5,India To Pitch RBI Backed Cross-Border Digital Currencies For BRICS Payments: Report - NDTV,0,0.09553966826165627,True,0.5994098,True,news,False,,,,
gh:tonecoralline/Ghostfolio-Open-Source-Wealth-Management-Software,finance,repo,github,tonecoralline/Ghostfolio-Open-Source-Wealth-Management-Software,2026-09-10,fintech,0.8745822,0.7029549,1.0000000000000002,gh:PortalExpose/Ghostfolio-Open-Source-Wealth-Management-Software,PortalExpose/Ghostfolio-Open-Source-Wealth-Management-Software,2,0.094063401222229,False,0.5482032,True,news,False,,,,
news:18badaeccdc6d8c6,finance,news,rss:gnews:agentic payments,Can Global Payments Gain From Growing Consumer Trust in AI Commerce? - The Globe and Mail,2026-09-24,gnews:agentic payments,0.9296462,0.8040764,0.8416125852933996,news:724a6b6b88114b56,Can Global Payments Gain From Growing Consumer Trust in AI Commerce? - TradingView,0,0.09236222309193332,True,0.55805457,True,news,False,,,,
news:0fc6d06e106222c3,finance,news,rss:gnews:tokenized deposits,The Path to 2027: Mapping the Tokenized Deposit Regulatory Landscape Before the Sprint Begins - Yahoo Finance,2026-09-25,gnews:tokenized deposits,0.92070085,0.79827803,0.9174304175280336,news:ab45df5a4c702001,The Path to 2027: Mapping the Tokenized Deposit Regulatory Landscape Before the Sprint Begins - forkast.news,0,0.08011674463990326,True,0.6075165,True,news,False,,,,
news:e8c6b61d7ba4e62f,finance,news,rss:gnews:tokenized deposits,Six Canadian banks explore development of a secure CAD tokenized deposit solution - Yahoo Finance,2026-09-22,gnews:tokenized deposits,0.9367043,0.85507214,0.8722598853514463,news:05e8acd004aee30b,Six Canadian banks explore development of a secure CAD tokenized deposit solution - PR Newswire,1,0.0794067903656297,True,0.6508277,True,news,False,,,,
news:59feed4fe01fc043,finance,news,rss:gnews:open banking rule,Why E-Invoicing Could Rewire the GCC Economy - Dubai Chronicle,2026-09-10,gnews:open banking rule,0.9503305,0.67806894,0.8373520817209607,news:f00563238e6e0166,Why E-Invoicing Could Rewire the GCC Economy - The Fintech Times,0,0.07791410769399687,True,0.5329812,True,news,False,,,,
news:bcc45f9dc86f3863,finance,news,rss:gnews:tokenized deposits,IBM opens beta Swift ledger link for 24/7 tokenized deposits - TradingView,2026-09-24,gnews:tokenized deposits,0.9565865,0.8520731,0.8190564055042574,news:9caae4c09cb0c53b,IBM opens beta Swift ledger link for 24/7 tokenized deposits - cryptonews.net,0,0.07779600871609871,True,0.60853875,True,news,False,,,,
news:f7a5c753bbbdd64d,finance,news,rss:gnews:instant payments fraud,"Banking Fraud to Reach 2.2 billion Transactions by 2031, Fuelled by Growing AI-enabled Attacks - The Manila Times",2026-09-21,gnews:instant payments fraud,0.9435862,0.781029,0.8613428565620046,news:10d3c88e88c74075,"Banking Fraud to Reach 2.2 billion Transactions by 2031, Fuelled by Growing AI-enabled Attacks - globenewswire.com",0,0.07697464295330991,True,0.6468713,True,news,False,,,,
news:a96665c85ea6db81,finance,news,rss:gnews:tokenized deposits,The Clearing House Selects Quant to Power Its Tokenized Deposit Network - Cryptonews.net,2026-09-27,gnews:tokenized deposits,0.96351576,0.90178317,0.8019243439191898,news:ab173db254a01d4c,The Clearing House Selects Quant to Power Its Tokenized Deposit Network - CryptoRank,0,0.07688209513439936,True,0.60890746,True,news,False,,,,
gh:Civiltutongs/Ghostfolio-Open-Source-Wealth-Management-Software,finance,repo,github,Civiltutongs/Ghostfolio-Open-Source-Wealth-Management-Software,2026-09-10,fintech,0.9012086,0.72198975,1.0000000000000002,gh:PortalExpose/Ghostfolio-Open-Source-Wealth-Management-Software,PortalExpose/Ghostfolio-Open-Source-Wealth-Management-Software,2,0.07409358024597168,False,0.55537516,True,news,False,,,,
news:ab893f01acf92c2c,finance,news,rss:gnews:bank patent,"AI patent filings surge, but examiner headcount stalls — backlog tops 10,000 a year - 헤럴드경제",2026-09-23,gnews:bank patent,0.93907344,0.71359026,0.8968932164960403,news:d307b8039aa431bc,"AI patent filings surge, but examiner headcount stalls — backlog tops 10,000 a year - mbiz.heraldcorp.com",0,0.07147164311872678,True,0.4600711,False,news,False,,,,
news:6e7c929bf34bf8c3,finance,news,rss:gnews:RBI digital payments,MDR to boost sustainability of India’s digital payments ecosystem: RBI - Social News XYZ,2026-09-16,gnews:RBI digital payments,0.96882033,0.846646,0.8283158725539718,news:2559b2ad5c4bc1af,MDR to boost sustainability of India`s digital payments ecosystem: RBI - Investment Guru India,0,0.06630578175088087,True,0.6419686,True,news,False,,,,
news:3aba86ed7515b3fd,finance,news,rss:gnews:deepfake bank scam,Scary rise of pretender scams alarming Aussies - The Daily Telegraph,2026-09-12,gnews:deepfake bank scam,0.9403683,0.756694,0.9360565937518351,news:48bb602f3f91a3f8,Scary rise of pretender scams alarming Aussies - Adelaide Now,0,0.060709600722807844,True,0.53347105,True,news,False,,,,
news:9252667d9cdbbfb6,finance,news,rss:gnews:stablecoin bank,SoFi Becomes First National Bank to Go Live with Stablecoin Settlement across Mastercard’s Global Payments Network - Business Wire,2026-09-22,gnews:stablecoin bank,0.95643103,0.8675663,0.8906127377609449,news:7411ffe34939741f,SoFi Becomes First National Bank to Go Live with Stablecoin Settlement across Mastercard’s Global Payments Network - inv,0,0.060023512337107565,True,0.5622631,True,news,False,,,,
news:e8c03403079d1830,finance,news,rss:gnews:tokenized deposits,Big banks exploring Canadian dollar-based digital money with tokenized deposits - BNN Bloomberg,2026-09-22,gnews:tokenized deposits,0.9422388,0.85908735,0.9389489911018237,news:44623a79db9bcf7a,Big banks exploring Canadian dollar-based digital money with tokenized deposits - Yahoo! Finance Canada,0,0.058583646465877104,True,0.6920296,True,news,False,,,,
news:1fadd7a8c79a9e4e,finance,news,rss:gnews:bank fraud AI,"Banks warn AI shopping bots raise scam, fraud and data-privacy risks - AOL.ca",2026-09-22,gnews:bank fraud AI,0.9669361,0.9452448,0.8653185392578927,news:0ca37d150a5c4169,"Banks warn AI shopping bots raise scam, fraud and data-privacy risks - AOL.com",2,0.05846828159788031,True,0.56992614,True,news,False,,,,
news:a9f8a417415368e3,finance,news,rss:gnews:tokenized deposits,The Clearing House Just Picked Its Vendor for Tokenized Deposits. That’s the Institutional Layer Stablecoins Haven’t Built. - Yahoo Finance,2026-09-25,gnews:tokenized deposits,0.955555,0.82980597,0.9047540661515363,news:905c485b63edad2d,The Clearing House Just Picked Its Vendor for Tokenized Deposits. That’s the Institutional Layer Stablecoins Haven’t Bui,0,0.057145202238818804,True,0.7309883,True,news,False,,,,
news:f04cadd0b9113308,finance,news,rss:gnews:RBI digital payments,"Deputy Governor RBI Reviews J&K Banking; Bats For Credit Push, ULI Adoption - Daily Excelsior",2026-09-18,gnews:RBI digital payments,0.9580572,0.76404077,0.9148950158616915,news:72ed58e415d5026c,"Deputy Governor RBI reviews J&K banking; bats for credit push, ULI adoption - Greater Kashmir",0,0.052733312570526825,True,0.5206987,True,news,False,,,,
news:f65803f36c83c2b3,finance,news,rss:gnews:instant payments fraud,"DeeMoney, Thailand’s Leading Cross-Border Payments Fintech, Selects SEON for Real-Time Fraud and AML Protection - Yahoo Finance",2026-09-29,gnews:instant payments fraud,0.96189034,0.75449467,0.9082733895325198,news:e1434092761098c3,"DeeMoney, Thailand’s Leading Cross-Border Payments Fintech, Selects SEON for Real-Time Fraud and AML Protection - The Ma",1,0.05151386792601309,True,0.59676045,True,news,False,,,,
news:9d523aa78d491c10,finance,news,rss:gnews:instant payments fraud,IPID Raises $16M as Instant Payments Expose a Growing Global Blind Spot - PR Newswire,2026-09-24,gnews:instant payments fraud,0.95895296,0.83741075,0.9227470732657476,news:ddde4022607a7bed,IPID Raises $16M as Instant Payments Expose a Growing Global Blind Spot - easternprogress.com,0,0.050098494268249416,True,0.5543419,True,news,False,,,,
news:ddc7cc9aaf1fb690,finance,news,rss:gnews:bank fraud AI,Italy's top bank hit by an AI messaging scam which cost it nearly €100 million - Yahoo Finance,2026-09-29,gnews:bank fraud AI,0.9523596,0.8792478,0.9546246408863427,news:92a56e1e21f00346,Italy's top bank hit by an AI messaging scam which cost it nearly €100 million - TechRadar,2,0.04707414211224614,True,0.5662156,True,news,False,,,,
news:7005c67fdfec1ee4,finance,news,rss:gnews:bank fraud AI,"Bank text scams and AI-driven fraud on the rise, experts warn - fox8live.com",2026-09-21,gnews:bank fraud AI,0.9404762,0.9317505,1.0000000000000002,news:20f566284e58191e,"Bank text scams and AI-driven fraud on the rise, experts warn - kfyrtv.com",0,0.044642865657806396,True,0.6067797,True,news,False,,,,
news:104b543a0eebc498,finance,news,rss:gnews:bank fraud AI,"Banks warn AI shopping bots raise scam, fraud and data-privacy risks - CNBC",2026-09-22,gnews:bank fraud AI,0.9662604,0.95537615,0.9554272185230414,news:a55849ed0427ab90,"Banks warn AI shopping bots raise scam, fraud and data-privacy risks - CNA",2,0.03644793007611835,True,0.6178764,True,news,False,,,,
news:8559048a49007675,finance,news,rss:gnews:tokenized deposits,Big banks launch collaborative effort to move tokenized deposits between institutions - Castanet Kamloops,2026-09-22,gnews:tokenized deposits,0.9551067,0.7967912,0.9999999999999998,news:5564bd9ddac38da9,Big banks launch collaborative effort to move tokenized deposits between institutions - Castanet,0,0.033670008182525635,True,0.61768013,True,news,False,,,,
news:4ebe9df43f886f99,finance,news,rss:gnews:deepfake bank scam,"AI messaging scam costs Italy's top bank Intesa millions, sources say - AOL.com",2026-09-25,gnews:deepfake bank scam,0.98835254,0.8977041,0.9011665784643533,news:4f4357e6fce4f96d,"AI messaging scam costs Italy's top bank Intesa millions, sources say - AOL.ca",2,0.03344395251754817,True,0.55776364,True,news,False,,,,
news:0bbd4e7e622be5e7,finance,news,rss:gnews:tokenized deposits,Oracle Integration with Swift’s Ledger Helps Banks Connect Tokenized Deposit Infrastructures Across Institutions - Oracle,2026-09-28,gnews:tokenized deposits,0.9838938,0.8807994,0.9211326410178382,news:327b142b3f7f894f,Oracle Integration with Swift's Ledger Helps Banks Connect Tokenized Deposit Infrastructures Across Institutions - PR Ne,2,0.031796495869655494,True,0.6047855,True,news,False,,,,
news:73d9484393446fdf,finance,news,rss:gnews:RBI digital payments,IDPIC Running On Pilot Basis In 8 Banks To Boost Cyber Resilience: RBI Dy Governor Murmu - Ommcom News,2026-09-18,gnews:RBI digital payments,0.9859937,0.76843965,0.9204263109247812,news:f86f85b59dd18a5f,IDPIC running on pilot basis in 8 banks to boost cyber resilience: RBI Dy Governor Murmu - Social News XYZ,0,0.030398144864019594,True,0.5017163,False,news,False,,,,
news:dba620f602392940,finance,news,rss:gnews:RBI digital payments,"UPI MDR kicks in October 15: RBI DG says merchant fee on payments above Rs 2,000 won’t trigger cash surge - The Economic Times",2026-09-18,gnews:RBI digital payments,0.97966874,0.8543388,0.9577015472324659,news:0677086ea082c078,"UPI MDR kicks in October 15: RBI DG says merchant fee on payments above Rs 2,000 won’t trigger cash surge - inkl",0,0.025823031046192657,True,0.52641064,True,news,False,,,,
news:e1dd6353d8653689,finance,news,rss:gnews:agentic payments,6 Global banks collaborate on “principles for trusted agentic commerce” | CX Network - CX Network,2026-09-23,gnews:agentic payments,0.9957705,0.85553294,0.9887531227654854,news:0bf0d5ac712dfc62,6 Global banks collaborate on “principles for trusted agentic commerce” - CX Network,0,0.005983818898930182,True,0.5836279,True,news,False,,,,
news:7e3bd88761dd31b8,finance,news,rss:gnews:bank patent,Newtek Bank Expands Connected Banking Capabilities Across Leading Accounting and Business Applications - The Manila Times,2026-09-28,gnews:bank patent,1.0000001,0.7046969,0.9999999999999999,news:ee2703ca1a9d67c6,Newtek Bank Expands Connected Banking Capabilities Across Leading Accounting and Business Applications - The Manila Time,0,-1.1920928955078125e-07,True,0.5616008,True,news,False,,,,
news:5fc651208efe4c35,finance,news,rss:gnews:post-quantum banking,From AI pilots to governed intelligence for agentic banking - EY,2026-09-25,gnews:post-quantum banking,1.0000001,0.83558476,1.0000000000000002,news:8b1cc58f238880cc,From AI pilots to governed intelligence for agentic banking - EY,0,-1.1920928955078125e-07,True,0.5326245,True,news,False,,,,
news:456180e3598d6b48,finance,news,rss:gnews:RBI digital payments,"RBI, NCPI Considering 0.4% Charge On Large UPI Payments Above Rs 2,000: Report - NDTV Profit",2026-09-15,gnews:RBI digital payments,1.0000001,0.8065866,1.0000000000000002,news:40fd967084f262c6,"RBI, NCPI Considering 0.4% Charge On Large UPI Payments Above Rs 2,000: Report - NDTV Profit",0,-1.1920928955078125e-07,True,0.48199946,False,news,False,,,,
news:f8a16033d9389b0e,finance,news,rss:gnews:UPI fraud,"BHIM launches MyUPI AI assistant for transaction tracking, complaints and fraud support - Moneycontrol.com",2026-09-23,gnews:UPI fraud,1.0000001,0.8840442,0.9999999999999999,news:d4207e99cfc9b375,"BHIM launches MyUPI AI assistant for transaction tracking, complaints and fraud support - Moneycontrol.com",0,-1.1920928955078125e-07,True,0.5825614,True,news,False,,,,
news:60a89cfeaac78333,finance,news,rss:gnews:RBI digital payments,"RBI backs MDR on large-value UPI transactions, says could help expand UPI acceptance - The Economic Times",2026-09-15,gnews:RBI digital payments,1.0000002,0.9054658,1.0,news:ef5b686d078f5a46,"RBI backs MDR on large-value UPI transactions, says could help expand UPI acceptance - The Economic Times",1,-1.7881393432617188e-07,True,0.5428097,True,news,False,,,,
news:a6c4c86630848782,finance,news,rss:gnews:tokenized deposits,Report: Tokenization could reshape how companies manage treasury and cash - Consultancy.eu,2026-09-28,gnews:tokenized deposits,1.0000002,0.75681436,1.0,news:f934c09cdcd2a077,Report: Tokenization could reshape how companies manage treasury and cash - Consultancy.eu,0,-1.7881393432617188e-07,True,0.58622915,True,news,False,,,,
news:5c01631ee6108d31,finance,news,rss:gnews:post-quantum banking,Oracle Expands Digital Assets Data Nexus to Help Banks Operationalize Digital Money - Oracle,2026-09-23,gnews:post-quantum banking,1.0000004,0.7581401,0.9999999999999999,news:d0c008547b0bb2cc,Oracle Expands Digital Assets Data Nexus to Help Banks Operationalize Digital Money - Oracle,0,-2.384185791015625e-07,True,0.6202542,True,news,False,,,,
news:3acf7244f85c0c5a,finance,news,rss:gnews:deepfake bank scam,National Privacy Test 2026: Global results and rankings - NordVPN,2026-09-23,gnews:deepfake bank scam,1.0000007,0.6712724,0.9999999999999999,news:913ebc9d7c3c11b3,National Privacy Test 2026: Global results and rankings - NordVPN,0,-5.364418029785156e-07,True,0.4337803,False,news,False,,,,
